data_status,reg_date,registered_users,d7_observable_users,d7_users,d7_rate_pct
模拟数据 / 独立项目,2026-08-01,46,46,10,21.74
模拟数据 / 独立项目,2026-08-02,51,51,16,31.37
模拟数据 / 独立项目,2026-08-03,64,64,12,18.75
模拟数据 / 独立项目,2026-08-04,52,52,12,23.08
模拟数据 / 独立项目,2026-08-05,40,40,12,30.0
模拟数据 / 独立项目,2026-08-06,46,46,12,26.09
模拟数据 / 独立项目,2026-08-07,45,45,10,22.22
模拟数据 / 独立项目,2026-08-08,32,32,4,12.5
模拟数据 / 独立项目,2026-08-09,59,59,18,30.51
模拟数据 / 独立项目,2026-08-10,56,56,12,21.43
模拟数据 / 独立项目,2026-08-11,56,56,15,26.79
模拟数据 / 独立项目,2026-08-12,49,49,12,24.49
模拟数据 / 独立项目,2026-08-13,47,47,17,36.17
模拟数据 / 独立项目,2026-08-14,53,53,9,16.98
模拟数据 / 独立项目,2026-08-15,51,51,13,25.49
模拟数据 / 独立项目,2026-08-16,57,57,11,19.3
模拟数据 / 独立项目,2026-08-17,56,56,8,14.29
模拟数据 / 独立项目,2026-08-18,37,37,8,21.62
模拟数据 / 独立项目,2026-08-19,53,53,14,26.42
模拟数据 / 独立项目,2026-08-20,50,50,12,24.0
