data_status,user_id,user_type,reg_date,activated,d1,d7,day0_complete,learning_days_d0_d6,churn,reactivated,first_churn_date,first_reactivate_date,d7_observable
模拟数据 / 独立项目,U0001,兴趣提升型,2026-08-02,1,1,1,0,6,0,0,,,1
模拟数据 / 独立项目,U0002,职场提升型,2026-08-16,1,0,0,0,1,1,0,2026-08-29,,1
模拟数据 / 独立项目,U0003,习惯打卡型,2026-08-14,1,1,1,1,4,0,0,,,1
模拟数据 / 独立项目,U0004,雅思留学型,2026-08-09,1,0,0,1,1,1,1,2026-08-19,2026-08-21,1
模拟数据 / 独立项目,U0005,托福留学型,2026-08-09,1,1,0,1,3,0,0,,,1
模拟数据 / 独立项目,U0006,兴趣提升型,2026-08-18,1,1,0,1,3,0,0,,,1
模拟数据 / 独立项目,U0007,考研长期型,2026-08-02,0,0,0,0,0,0,0,,,1
模拟数据 / 独立项目,U0008,职场提升型,2026-08-14,1,1,1,1,5,1,0,2026-08-25,,1
模拟数据 / 独立项目,U0009,雅思留学型,2026-08-05,0,0,0,0,0,0,0,,,1
模拟数据 / 独立项目,U0010,四六级冲刺型,2026-08-02,1,0,0,1,1,0,0,,,1
模拟数据 / 独立项目,U0011,四六级冲刺型,2026-08-11,1,0,0,1,1,0,0,,,1
模拟数据 / 独立项目,U0012,职场提升型,2026-08-20,0,0,0,0,0,0,0,,,1
模拟数据 / 独立项目,U0013,四六级冲刺型,2026-08-15,1,1,0,1,6,0,0,,,1
模拟数据 / 独立项目,U0014,考研长期型,2026-08-16,1,0,0,1,1,0,0,,,1
模拟数据 / 独立项目,U0015,考研长期型,2026-08-15,0,0,0,0,0,0,0,,,1
模拟数据 / 独立项目,U0016,四六级冲刺型,2026-08-16,1,1,1,1,6,0,0,,,1
模拟数据 / 独立项目,U0017,考研长期型,2026-08-11,0,0,0,0,0,0,0,,,1
模拟数据 / 独立项目,U0018,兴趣提升型,2026-08-03,1,0,0,0,1,1,0,2026-08-14,,1
模拟数据 / 独立项目,U0019,四六级冲刺型,2026-08-17,1,0,0,1,1,0,0,,,1
模拟数据 / 独立项目,U0020,职场提升型,2026-08-10,0,0,0,0,0,0,0,,,1
模拟数据 / 独立项目,U0021,职场提升型,2026-08-11,0,0,0,0,0,0,0,,,1
模拟数据 / 独立项目,U0022,考研长期型,2026-08-08,1,1,0,0,6,0,0,,,1
模拟数据 / 独立项目,U0023,四六级冲刺型,2026-08-04,0,0,0,0,0,0,0,,,1
模拟数据 / 独立项目,U0024,职业证书型,2026-08-19,0,0,0,0,0,0,0,,,1
模拟数据 / 独立项目,U0025,四六级冲刺型,2026-08-16,0,0,0,0,0,0,0,,,1
模拟数据 / 独立项目,U0026,考研长期型,2026-08-13,0,0,0,0,0,0,0,,,1
模拟数据 / 独立项目,U0027,习惯打卡型,2026-08-09,0,0,0,0,0,0,0,,,1
模拟数据 / 独立项目,U0028,习惯打卡型,2026-08-17,1,1,0,1,4,0,0,,,1
模拟数据 / 独立项目,U0029,兴趣提升型,2026-08-11,1,0,0,1,1,0,0,,,1
模拟数据 / 独立项目,U0030,考研长期型,2026-08-09,1,0,1,1,1,0,0,,,1
模拟数据 / 独立项目,U0031,兴趣提升型,2026-08-10,1,1,0,1,3,0,0,,,1
模拟数据 / 独立项目,U0032,兴趣提升型,2026-08-05,1,1,0,1,3,0,0,,,1
模拟数据 / 独立项目,U0033,考研长期型,2026-08-02,1,1,0,1,3,0,0,,,1
模拟数据 / 独立项目,U0034,职业证书型,2026-08-12,1,1,1,1,7,0,0,,,1
模拟数据 / 独立项目,U0035,四六级冲刺型,2026-08-18,1,1,0,1,4,0,0,,,1
模拟数据 / 独立项目,U0036,四六级冲刺型,2026-08-02,0,0,0,0,0,0,0,,,1
模拟数据 / 独立项目,U0037,托福留学型,2026-08-18,1,1,1,1,4,0,0,,,1
模拟数据 / 独立项目,U0038,四六级冲刺型,2026-08-17,1,1,1,1,5,0,0,,,1
模拟数据 / 独立项目,U0039,四六级冲刺型,2026-08-06,0,0,0,0,0,0,0,,,1
模拟数据 / 独立项目,U0040,职场提升型,2026-08-13,1,0,0,1,1,1,1,2026-08-21,2026-08-25,1
模拟数据 / 独立项目,U0041,习惯打卡型,2026-08-04,1,0,0,1,1,0,0,,,1
模拟数据 / 独立项目,U0042,托福留学型,2026-08-16,1,0,0,0,1,0,0,,,1
模拟数据 / 独立项目,U0043,职场提升型,2026-08-15,0,0,0,0,0,0,0,,,1
模拟数据 / 独立项目,U0044,习惯打卡型,2026-08-08,1,0,0,1,1,0,0,,,1
模拟数据 / 独立项目,U0045,四六级冲刺型,2026-08-02,0,0,0,0,0,0,0,,,1
模拟数据 / 独立项目,U0046,雅思留学型,2026-08-20,1,1,0,1,5,1,1,2026-08-29,2026-08-31,1
模拟数据 / 独立项目,U0047,考研长期型,2026-08-09,1,1,1,1,4,0,0,,,1
模拟数据 / 独立项目,U0048,四六级冲刺型,2026-08-18,1,1,1,1,5,0,0,,,1
模拟数据 / 独立项目,U0049,兴趣提升型,2026-08-14,0,0,0,0,0,0,0,,,1
模拟数据 / 独立项目,U0050,雅思留学型,2026-08-16,0,0,0,0,0,0,0,,,1
模拟数据 / 独立项目,U0051,雅思留学型,2026-08-16,1,1,0,1,5,1,0,2026-08-25,,1
模拟数据 / 独立项目,U0052,四六级冲刺型,2026-08-04,0,0,0,0,0,0,0,,,1
模拟数据 / 独立项目,U0053,四六级冲刺型,2026-08-08,0,0,0,0,0,0,0,,,1
模拟数据 / 独立项目,U0054,习惯打卡型,2026-08-10,0,0,0,0,0,0,0,,,1
模拟数据 / 独立项目,U0055,四六级冲刺型,2026-08-10,1,0,0,1,1,0,0,,,1
模拟数据 / 独立项目,U0056,考研长期型,2026-08-01,1,1,1,1,3,0,0,,,1
模拟数据 / 独立项目,U0057,考研长期型,2026-08-11,1,0,0,0,1,0,0,,,1
模拟数据 / 独立项目,U0058,雅思留学型,2026-08-04,1,1,0,0,6,0,0,,,1
模拟数据 / 独立项目,U0059,托福留学型,2026-08-15,1,0,1,0,1,0,0,,,1
模拟数据 / 独立项目,U0060,雅思留学型,2026-08-14,1,0,1,1,1,1,0,2026-08-23,,1
模拟数据 / 独立项目,U0061,四六级冲刺型,2026-08-19,1,1,1,1,6,0,0,,,1
模拟数据 / 独立项目,U0062,考研长期型,2026-08-15,0,0,0,0,0,0,0,,,1
模拟数据 / 独立项目,U0063,职场提升型,2026-08-08,1,0,0,1,1,0,0,,,1
模拟数据 / 独立项目,U0064,职业证书型,2026-08-20,1,0,1,0,1,0,0,,,1
模拟数据 / 独立项目,U0065,职业证书型,2026-08-09,1,0,1,1,1,0,0,,,1
模拟数据 / 独立项目,U0066,职业证书型,2026-08-07,1,0,0,1,1,1,1,2026-08-18,2026-08-24,1
模拟数据 / 独立项目,U0067,兴趣提升型,2026-08-19,1,1,1,1,5,1,0,2026-09-02,,1
模拟数据 / 独立项目,U0068,四六级冲刺型,2026-08-08,1,1,1,1,6,1,0,2026-08-18,,1
模拟数据 / 独立项目,U0069,考研长期型,2026-08-02,1,0,0,1,1,1,1,2026-08-15,2026-08-17,1
模拟数据 / 独立项目,U0070,托福留学型,2026-08-10,1,1,0,1,7,0,0,,,1
模拟数据 / 独立项目,U0071,考研长期型,2026-08-16,0,0,0,0,0,0,0,,,1
模拟数据 / 独立项目,U0072,职场提升型,2026-08-04,1,1,0,1,4,1,0,2026-08-15,,1
模拟数据 / 独立项目,U0073,雅思留学型,2026-08-10,1,0,0,1,1,0,0,,,1
模拟数据 / 独立项目,U0074,兴趣提升型,2026-08-03,1,1,1,1,6,0,0,,,1
模拟数据 / 独立项目,U0075,职场提升型,2026-08-14,0,0,0,0,0,0,0,,,1
模拟数据 / 独立项目,U0076,雅思留学型,2026-08-10,1,0,0,0,1,0,0,,,1
模拟数据 / 独立项目,U0077,习惯打卡型,2026-08-07,1,1,0,1,5,1,0,2026-08-17,,1
模拟数据 / 独立项目,U0078,托福留学型,2026-08-05,1,1,1,1,5,0,0,,,1
模拟数据 / 独立项目,U0079,职场提升型,2026-08-12,1,0,0,1,1,0,0,,,1
模拟数据 / 独立项目,U0080,考研长期型,2026-08-14,1,0,0,1,1,0,0,,,1
模拟数据 / 独立项目,U0081,雅思留学型,2026-08-19,1,0,0,0,1,1,1,2026-09-02,2026-09-09,1
模拟数据 / 独立项目,U0082,托福留学型,2026-08-09,1,1,0,1,5,0,0,,,1
模拟数据 / 独立项目,U0083,四六级冲刺型,2026-08-04,0,0,0,0,0,0,0,,,1
模拟数据 / 独立项目,U0084,考研长期型,2026-08-17,1,0,0,1,1,0,0,,,1
模拟数据 / 独立项目,U0085,习惯打卡型,2026-08-13,1,1,0,1,2,0,0,,,1
模拟数据 / 独立项目,U0086,职业证书型,2026-08-15,1,1,0,1,4,0,0,,,1
模拟数据 / 独立项目,U0087,四六级冲刺型,2026-08-02,1,1,0,1,5,0,0,,,1
模拟数据 / 独立项目,U0088,考研长期型,2026-08-07,1,1,1,1,6,0,0,,,1
模拟数据 / 独立项目,U0089,四六级冲刺型,2026-08-16,0,0,0,0,0,0,0,,,1
模拟数据 / 独立项目,U0090,四六级冲刺型,2026-08-17,1,0,0,1,1,0,0,,,1
模拟数据 / 独立项目,U0091,习惯打卡型,2026-08-09,1,1,1,1,4,0,0,,,1
模拟数据 / 独立项目,U0092,雅思留学型,2026-08-17,0,0,0,0,0,0,0,,,1
模拟数据 / 独立项目,U0093,考研长期型,2026-08-17,1,0,0,1,1,0,0,,,1
模拟数据 / 独立项目,U0094,托福留学型,2026-08-08,1,0,0,1,1,0,0,,,1
模拟数据 / 独立项目,U0095,四六级冲刺型,2026-08-18,1,1,1,1,6,0,0,,,1
模拟数据 / 独立项目,U0096,考研长期型,2026-08-06,1,1,0,1,4,0,0,,,1
模拟数据 / 独立项目,U0097,兴趣提升型,2026-08-05,0,0,0,0,0,0,0,,,1
模拟数据 / 独立项目,U0098,职业证书型,2026-08-14,0,0,0,0,0,0,0,,,1
模拟数据 / 独立项目,U0099,习惯打卡型,2026-08-13,1,1,1,1,5,1,0,2026-08-23,,1
模拟数据 / 独立项目,U0100,职业证书型,2026-08-03,0,0,0,0,0,0,0,,,1
模拟数据 / 独立项目,U0101,雅思留学型,2026-08-17,1,0,0,1,1,0,0,,,1
模拟数据 / 独立项目,U0102,兴趣提升型,2026-08-04,1,1,1,1,5,0,0,,,1
模拟数据 / 独立项目,U0103,习惯打卡型,2026-08-17,1,0,0,1,1,0,0,,,1
模拟数据 / 独立项目,U0104,兴趣提升型,2026-08-01,1,1,0,1,3,0,0,,,1
模拟数据 / 独立项目,U0105,习惯打卡型,2026-08-16,1,0,0,1,1,0,0,,,1
模拟数据 / 独立项目,U0106,兴趣提升型,2026-08-16,1,1,1,1,4,0,0,,,1
模拟数据 / 独立项目,U0107,职场提升型,2026-08-16,1,0,0,1,1,0,0,,,1
模拟数据 / 独立项目,U0108,四六级冲刺型,2026-08-14,1,0,0,1,1,1,0,2026-08-26,,1
模拟数据 / 独立项目,U0109,兴趣提升型,2026-08-10,0,0,0,0,0,0,0,,,1
模拟数据 / 独立项目,U0110,雅思留学型,2026-08-15,1,0,0,1,1,0,0,,,1
模拟数据 / 独立项目,U0111,托福留学型,2026-08-06,1,1,1,1,5,0,0,,,1
模拟数据 / 独立项目,U0112,职业证书型,2026-08-16,0,0,0,0,0,0,0,,,1
模拟数据 / 独立项目,U0113,习惯打卡型,2026-08-12,1,0,0,1,1,1,0,2026-08-24,,1
模拟数据 / 独立项目,U0114,习惯打卡型,2026-08-10,1,1,1,1,5,0,0,,,1
模拟数据 / 独立项目,U0115,考研长期型,2026-08-11,1,1,1,1,5,0,0,,,1
模拟数据 / 独立项目,U0116,兴趣提升型,2026-08-12,0,0,0,0,0,0,0,,,1
模拟数据 / 独立项目,U0117,兴趣提升型,2026-08-01,1,0,0,1,1,1,1,2026-08-09,2026-08-16,1
模拟数据 / 独立项目,U0118,考研长期型,2026-08-03,0,0,0,0,0,0,0,,,1
模拟数据 / 独立项目,U0119,四六级冲刺型,2026-08-05,1,1,1,1,4,0,0,,,1
模拟数据 / 独立项目,U0120,四六级冲刺型,2026-08-03,0,0,0,0,0,0,0,,,1
模拟数据 / 独立项目,U0121,兴趣提升型,2026-08-09,1,1,0,1,5,0,0,,,1
模拟数据 / 独立项目,U0122,雅思留学型,2026-08-14,0,0,0,0,0,0,0,,,1
模拟数据 / 独立项目,U0123,习惯打卡型,2026-08-14,0,0,0,0,0,0,0,,,1
模拟数据 / 独立项目,U0124,雅思留学型,2026-08-10,1,1,0,0,5,0,0,,,1
模拟数据 / 独立项目,U0125,习惯打卡型,2026-08-18,1,1,0,1,2,0,0,,,1
模拟数据 / 独立项目,U0126,雅思留学型,2026-08-12,0,0,0,0,0,0,0,,,1
模拟数据 / 独立项目,U0127,兴趣提升型,2026-08-02,0,0,0,0,0,0,0,,,1
模拟数据 / 独立项目,U0128,四六级冲刺型,2026-08-16,1,1,0,0,5,0,0,,,1
模拟数据 / 独立项目,U0129,托福留学型,2026-08-12,1,1,1,1,3,0,0,,,1
模拟数据 / 独立项目,U0130,职场提升型,2026-08-13,1,1,1,0,2,0,0,,,1
模拟数据 / 独立项目,U0131,习惯打卡型,2026-08-12,1,0,0,1,1,1,0,2026-08-25,,1
模拟数据 / 独立项目,U0132,职场提升型,2026-08-12,1,0,1,1,1,0,0,,,1
模拟数据 / 独立项目,U0133,四六级冲刺型,2026-08-02,0,0,0,0,0,0,0,,,1
模拟数据 / 独立项目,U0134,考研长期型,2026-08-12,1,1,1,1,6,1,0,2026-08-20,,1
模拟数据 / 独立项目,U0135,四六级冲刺型,2026-08-16,1,1,0,1,3,0,0,,,1
模拟数据 / 独立项目,U0136,四六级冲刺型,2026-08-07,1,1,0,0,5,0,0,,,1
模拟数据 / 独立项目,U0137,职业证书型,2026-08-13,1,1,0,1,4,0,0,,,1
模拟数据 / 独立项目,U0138,兴趣提升型,2026-08-01,0,0,0,0,0,0,0,,,1
模拟数据 / 独立项目,U0139,兴趣提升型,2026-08-07,1,1,0,1,5,0,0,,,1
模拟数据 / 独立项目,U0140,职场提升型,2026-08-09,1,1,0,1,4,0,0,,,1
模拟数据 / 独立项目,U0141,兴趣提升型,2026-08-20,1,0,0,1,1,0,0,,,1
模拟数据 / 独立项目,U0142,职场提升型,2026-08-05,1,1,0,1,7,0,0,,,1
模拟数据 / 独立项目,U0143,四六级冲刺型,2026-08-06,0,0,0,0,0,0,0,,,1
模拟数据 / 独立项目,U0144,考研长期型,2026-08-09,1,1,1,1,5,0,0,,,1
模拟数据 / 独立项目,U0145,职业证书型,2026-08-20,1,1,0,1,5,1,1,2026-08-30,2026-09-06,1
模拟数据 / 独立项目,U0146,职场提升型,2026-08-18,1,1,1,1,5,0,0,,,1
模拟数据 / 独立项目,U0147,四六级冲刺型,2026-08-01,0,0,0,0,0,0,0,,,1
模拟数据 / 独立项目,U0148,雅思留学型,2026-08-05,1,0,1,1,1,0,0,,,1
模拟数据 / 独立项目,U0149,职业证书型,2026-08-17,1,0,0,1,1,0,0,,,1
模拟数据 / 独立项目,U0150,四六级冲刺型,2026-08-02,1,1,0,1,6,0,0,,,1
模拟数据 / 独立项目,U0151,雅思留学型,2026-08-18,0,0,0,0,0,0,0,,,1
模拟数据 / 独立项目,U0152,职场提升型,2026-08-06,1,1,1,1,4,0,0,,,1
模拟数据 / 独立项目,U0153,职业证书型,2026-08-19,1,0,0,1,1,0,0,,,1
模拟数据 / 独立项目,U0154,考研长期型,2026-08-06,1,0,0,1,1,0,0,,,1
模拟数据 / 独立项目,U0155,职场提升型,2026-08-09,0,0,0,0,0,0,0,,,1
模拟数据 / 独立项目,U0156,考研长期型,2026-08-14,1,1,0,1,6,1,0,2026-08-26,,1
模拟数据 / 独立项目,U0157,职场提升型,2026-08-03,1,1,1,1,5,0,0,,,1
模拟数据 / 独立项目,U0158,考研长期型,2026-08-12,1,1,1,1,4,0,0,,,1
模拟数据 / 独立项目,U0159,托福留学型,2026-08-11,1,0,0,0,1,0,0,,,1
模拟数据 / 独立项目,U0160,考研长期型,2026-08-16,0,0,0,0,0,0,0,,,1
模拟数据 / 独立项目,U0161,考研长期型,2026-08-20,1,0,0,1,1,0,0,,,1
模拟数据 / 独立项目,U0162,职场提升型,2026-08-14,1,0,0,1,1,0,0,,,1
模拟数据 / 独立项目,U0163,四六级冲刺型,2026-08-09,1,1,0,1,5,0,0,,,1
模拟数据 / 独立项目,U0164,四六级冲刺型,2026-08-09,1,1,0,1,4,0,0,,,1
模拟数据 / 独立项目,U0165,考研长期型,2026-08-09,0,0,0,0,0,0,0,,,1
模拟数据 / 独立项目,U0166,兴趣提升型,2026-08-17,0,0,0,0,0,0,0,,,1
模拟数据 / 独立项目,U0167,职场提升型,2026-08-07,1,1,1,1,3,0,0,,,1
模拟数据 / 独立项目,U0168,习惯打卡型,2026-08-04,0,0,0,0,0,0,0,,,1
模拟数据 / 独立项目,U0169,考研长期型,2026-08-07,1,0,0,1,1,0,0,,,1
模拟数据 / 独立项目,U0170,雅思留学型,2026-08-01,1,0,0,1,1,1,1,2026-08-14,2026-08-21,1
模拟数据 / 独立项目,U0171,四六级冲刺型,2026-08-03,1,1,1,1,6,0,0,,,1
模拟数据 / 独立项目,U0172,托福留学型,2026-08-02,1,0,0,0,1,0,0,,,1
模拟数据 / 独立项目,U0173,习惯打卡型,2026-08-16,0,0,0,0,0,0,0,,,1
模拟数据 / 独立项目,U0174,兴趣提升型,2026-08-15,1,1,0,1,5,1,1,2026-08-25,2026-08-30,1
模拟数据 / 独立项目,U0175,托福留学型,2026-08-14,1,0,0,0,1,0,0,,,1
模拟数据 / 独立项目,U0176,考研长期型,2026-08-10,1,0,0,1,1,1,0,2026-08-18,,1
模拟数据 / 独立项目,U0177,习惯打卡型,2026-08-15,0,0,0,0,0,0,0,,,1
模拟数据 / 独立项目,U0178,雅思留学型,2026-08-04,1,1,1,1,4,1,0,2026-08-15,,1
模拟数据 / 独立项目,U0179,四六级冲刺型,2026-08-19,0,0,0,0,0,0,0,,,1
模拟数据 / 独立项目,U0180,考研长期型,2026-08-11,0,0,0,0,0,0,0,,,1
模拟数据 / 独立项目,U0181,四六级冲刺型,2026-08-19,0,0,0,0,0,0,0,,,1
模拟数据 / 独立项目,U0182,四六级冲刺型,2026-08-04,1,1,1,0,4,0,0,,,1
模拟数据 / 独立项目,U0183,四六级冲刺型,2026-08-10,1,0,0,1,1,1,0,2026-08-19,,1
模拟数据 / 独立项目,U0184,雅思留学型,2026-08-14,1,0,0,1,1,0,0,,,1
模拟数据 / 独立项目,U0185,职业证书型,2026-08-10,1,1,1,1,3,0,0,,,1
模拟数据 / 独立项目,U0186,考研长期型,2026-08-09,1,0,0,1,1,0,0,,,1
模拟数据 / 独立项目,U0187,雅思留学型,2026-08-04,1,1,1,1,6,0,0,,,1
模拟数据 / 独立项目,U0188,习惯打卡型,2026-08-08,1,0,0,1,1,0,0,,,1
模拟数据 / 独立项目,U0189,兴趣提升型,2026-08-05,1,1,1,1,5,0,0,,,1
模拟数据 / 独立项目,U0190,托福留学型,2026-08-07,0,0,0,0,0,0,0,,,1
模拟数据 / 独立项目,U0191,考研长期型,2026-08-14,1,1,0,1,3,0,0,,,1
模拟数据 / 独立项目,U0192,职场提升型,2026-08-13,1,1,1,1,4,0,0,,,1
模拟数据 / 独立项目,U0193,考研长期型,2026-08-13,1,1,0,1,4,0,0,,,1
模拟数据 / 独立项目,U0194,考研长期型,2026-08-08,0,0,0,0,0,0,0,,,1
模拟数据 / 独立项目,U0195,习惯打卡型,2026-08-20,1,1,0,1,6,1,0,2026-08-30,,1
模拟数据 / 独立项目,U0196,托福留学型,2026-08-02,1,1,0,0,4,0,0,,,1
模拟数据 / 独立项目,U0197,兴趣提升型,2026-08-07,1,0,0,1,1,1,0,2026-08-18,,1
模拟数据 / 独立项目,U0198,托福留学型,2026-08-03,0,0,0,0,0,0,0,,,1
模拟数据 / 独立项目,U0199,职业证书型,2026-08-07,1,0,0,1,1,1,0,2026-08-18,,1
模拟数据 / 独立项目,U0200,考研长期型,2026-08-20,0,0,0,0,0,0,0,,,1
模拟数据 / 独立项目,U0201,考研长期型,2026-08-08,0,0,0,0,0,0,0,,,1
模拟数据 / 独立项目,U0202,考研长期型,2026-08-19,0,0,0,0,0,0,0,,,1
模拟数据 / 独立项目,U0203,四六级冲刺型,2026-08-10,1,1,1,1,5,1,0,2026-08-23,,1
模拟数据 / 独立项目,U0204,职场提升型,2026-08-14,0,0,0,0,0,0,0,,,1
模拟数据 / 独立项目,U0205,考研长期型,2026-08-10,0,0,0,0,0,0,0,,,1
模拟数据 / 独立项目,U0206,托福留学型,2026-08-06,1,0,0,1,1,1,1,2026-08-15,2026-08-20,1
模拟数据 / 独立项目,U0207,兴趣提升型,2026-08-16,1,1,0,1,5,0,0,,,1
模拟数据 / 独立项目,U0208,兴趣提升型,2026-08-20,0,0,0,0,0,0,0,,,1
模拟数据 / 独立项目,U0209,雅思留学型,2026-08-06,1,1,0,1,6,0,0,,,1
模拟数据 / 独立项目,U0210,雅思留学型,2026-08-16,0,0,0,0,0,0,0,,,1
模拟数据 / 独立项目,U0211,习惯打卡型,2026-08-06,1,0,0,1,1,0,0,,,1
模拟数据 / 独立项目,U0212,职业证书型,2026-08-15,1,0,0,1,1,1,0,2026-08-27,,1
模拟数据 / 独立项目,U0213,职场提升型,2026-08-16,1,1,0,0,4,0,0,,,1
模拟数据 / 独立项目,U0214,习惯打卡型,2026-08-09,0,0,0,0,0,0,0,,,1
模拟数据 / 独立项目,U0215,兴趣提升型,2026-08-15,1,0,0,1,1,0,0,,,1
模拟数据 / 独立项目,U0216,四六级冲刺型,2026-08-06,0,0,0,0,0,0,0,,,1
模拟数据 / 独立项目,U0217,托福留学型,2026-08-02,0,0,0,0,0,0,0,,,1
模拟数据 / 独立项目,U0218,四六级冲刺型,2026-08-02,0,0,0,0,0,0,0,,,1
模拟数据 / 独立项目,U0219,职业证书型,2026-08-09,1,1,1,1,5,0,0,,,1
模拟数据 / 独立项目,U0220,习惯打卡型,2026-08-19,0,0,0,0,0,0,0,,,1
模拟数据 / 独立项目,U0221,雅思留学型,2026-08-03,1,1,0,1,4,0,0,,,1
模拟数据 / 独立项目,U0222,雅思留学型,2026-08-10,1,1,0,1,3,0,0,,,1
模拟数据 / 独立项目,U0223,四六级冲刺型,2026-08-15,0,0,0,0,0,0,0,,,1
模拟数据 / 独立项目,U0224,习惯打卡型,2026-08-05,1,1,0,1,5,0,0,,,1
模拟数据 / 独立项目,U0225,四六级冲刺型,2026-08-15,1,1,1,1,3,1,0,2026-08-26,,1
模拟数据 / 独立项目,U0226,四六级冲刺型,2026-08-07,1,1,0,0,5,0,0,,,1
模拟数据 / 独立项目,U0227,考研长期型,2026-08-17,1,0,0,1,1,0,0,,,1
模拟数据 / 独立项目,U0228,四六级冲刺型,2026-08-12,0,0,0,0,0,0,0,,,1
模拟数据 / 独立项目,U0229,雅思留学型,2026-08-11,1,1,1,1,5,0,0,,,1
模拟数据 / 独立项目,U0230,雅思留学型,2026-08-04,1,1,1,1,5,0,0,,,1
模拟数据 / 独立项目,U0231,考研长期型,2026-08-10,1,1,1,1,6,0,0,,,1
模拟数据 / 独立项目,U0232,四六级冲刺型,2026-08-18,1,1,1,1,5,0,0,,,1
模拟数据 / 独立项目,U0233,四六级冲刺型,2026-08-01,1,0,0,1,1,0,0,,,1
模拟数据 / 独立项目,U0234,考研长期型,2026-08-16,0,0,0,0,0,0,0,,,1
模拟数据 / 独立项目,U0235,四六级冲刺型,2026-08-10,0,0,0,0,0,0,0,,,1
模拟数据 / 独立项目,U0236,兴趣提升型,2026-08-15,0,0,0,0,0,0,0,,,1
模拟数据 / 独立项目,U0237,四六级冲刺型,2026-08-14,0,0,0,0,0,0,0,,,1
模拟数据 / 独立项目,U0238,考研长期型,2026-08-09,0,0,0,0,0,0,0,,,1
模拟数据 / 独立项目,U0239,考研长期型,2026-08-07,0,0,0,0,0,0,0,,,1
模拟数据 / 独立项目,U0240,雅思留学型,2026-08-13,0,0,0,0,0,0,0,,,1
模拟数据 / 独立项目,U0241,四六级冲刺型,2026-08-03,1,1,0,1,3,0,0,,,1
模拟数据 / 独立项目,U0242,四六级冲刺型,2026-08-12,1,0,0,1,1,0,0,,,1
模拟数据 / 独立项目,U0243,职场提升型,2026-08-02,0,0,0,0,0,0,0,,,1
模拟数据 / 独立项目,U0244,四六级冲刺型,2026-08-13,1,1,1,1,6,1,1,2026-08-22,2026-08-29,1
模拟数据 / 独立项目,U0245,雅思留学型,2026-08-13,1,1,0,1,3,0,0,,,1
模拟数据 / 独立项目,U0246,雅思留学型,2026-08-02,1,0,0,1,1,1,0,2026-08-13,,1
模拟数据 / 独立项目,U0247,考研长期型,2026-08-16,1,0,0,1,1,1,1,2026-08-29,2026-09-03,1
模拟数据 / 独立项目,U0248,雅思留学型,2026-08-09,1,1,1,1,4,0,0,,,1
模拟数据 / 独立项目,U0249,兴趣提升型,2026-08-16,1,0,0,0,1,1,0,2026-08-28,,1
模拟数据 / 独立项目,U0250,职场提升型,2026-08-01,1,1,1,1,2,0,0,,,1
模拟数据 / 独立项目,U0251,考研长期型,2026-08-04,1,0,0,1,1,0,0,,,1
模拟数据 / 独立项目,U0252,考研长期型,2026-08-10,1,1,0,1,3,0,0,,,1
模拟数据 / 独立项目,U0253,考研长期型,2026-08-04,1,0,0,1,1,1,1,2026-08-15,2026-08-19,1
模拟数据 / 独立项目,U0254,雅思留学型,2026-08-07,1,1,1,1,6,1,0,2026-08-20,,1
模拟数据 / 独立项目,U0255,兴趣提升型,2026-08-14,1,0,1,1,1,0,0,,,1
模拟数据 / 独立项目,U0256,考研长期型,2026-08-03,0,0,0,0,0,0,0,,,1
模拟数据 / 独立项目,U0257,考研长期型,2026-08-14,1,0,1,1,1,0,0,,,1
模拟数据 / 独立项目,U0258,习惯打卡型,2026-08-03,0,0,0,0,0,0,0,,,1
模拟数据 / 独立项目,U0259,四六级冲刺型,2026-08-04,1,0,0,1,1,0,0,,,1
模拟数据 / 独立项目,U0260,雅思留学型,2026-08-12,0,0,0,0,0,0,0,,,1
模拟数据 / 独立项目,U0261,兴趣提升型,2026-08-16,1,1,0,1,3,0,0,,,1
模拟数据 / 独立项目,U0262,四六级冲刺型,2026-08-04,1,1,0,0,5,1,0,2026-08-12,,1
模拟数据 / 独立项目,U0263,四六级冲刺型,2026-08-06,1,1,1,1,7,0,0,,,1
模拟数据 / 独立项目,U0264,四六级冲刺型,2026-08-19,1,1,1,1,5,0,0,,,1
模拟数据 / 独立项目,U0265,习惯打卡型,2026-08-20,1,1,0,1,5,0,0,,,1
模拟数据 / 独立项目,U0266,四六级冲刺型,2026-08-12,1,1,1,1,5,0,0,,,1
模拟数据 / 独立项目,U0267,四六级冲刺型,2026-08-09,1,1,0,0,4,0,0,,,1
模拟数据 / 独立项目,U0268,四六级冲刺型,2026-08-07,1,0,0,1,1,0,0,,,1
模拟数据 / 独立项目,U0269,四六级冲刺型,2026-08-13,1,1,1,1,5,0,0,,,1
模拟数据 / 独立项目,U0270,职业证书型,2026-08-12,1,1,0,1,3,0,0,,,1
模拟数据 / 独立项目,U0271,考研长期型,2026-08-06,1,1,0,0,6,0,0,,,1
模拟数据 / 独立项目,U0272,托福留学型,2026-08-01,1,1,0,1,3,0,0,,,1
模拟数据 / 独立项目,U0273,托福留学型,2026-08-04,1,1,0,1,3,0,0,,,1
模拟数据 / 独立项目,U0274,职场提升型,2026-08-20,1,0,0,1,1,0,0,,,1
模拟数据 / 独立项目,U0275,四六级冲刺型,2026-08-09,0,0,0,0,0,0,0,,,1
模拟数据 / 独立项目,U0276,职场提升型,2026-08-10,0,0,0,0,0,0,0,,,1
模拟数据 / 独立项目,U0277,职业证书型,2026-08-10,0,0,0,0,0,0,0,,,1
模拟数据 / 独立项目,U0278,四六级冲刺型,2026-08-16,1,1,1,0,3,0,0,,,1
模拟数据 / 独立项目,U0279,兴趣提升型,2026-08-02,1,1,1,1,7,0,0,,,1
模拟数据 / 独立项目,U0280,职场提升型,2026-08-02,1,1,0,0,4,0,0,,,1
模拟数据 / 独立项目,U0281,考研长期型,2026-08-06,0,0,0,0,0,0,0,,,1
模拟数据 / 独立项目,U0282,习惯打卡型,2026-08-10,0,0,0,0,0,0,0,,,1
模拟数据 / 独立项目,U0283,雅思留学型,2026-08-14,1,1,0,1,4,1,1,2026-08-28,2026-08-30,1
模拟数据 / 独立项目,U0284,职业证书型,2026-08-10,0,0,0,0,0,0,0,,,1
模拟数据 / 独立项目,U0285,习惯打卡型,2026-08-09,1,0,0,1,1,1,0,2026-08-21,,1
模拟数据 / 独立项目,U0286,考研长期型,2026-08-19,1,1,1,1,4,0,0,,,1
模拟数据 / 独立项目,U0287,职场提升型,2026-08-04,1,1,0,1,4,0,0,,,1
模拟数据 / 独立项目,U0288,考研长期型,2026-08-12,1,0,0,1,1,0,0,,,1
模拟数据 / 独立项目,U0289,兴趣提升型,2026-08-11,1,0,0,1,1,1,1,2026-08-19,2026-08-23,1
模拟数据 / 独立项目,U0290,职业证书型,2026-08-10,0,0,0,0,0,0,0,,,1
模拟数据 / 独立项目,U0291,四六级冲刺型,2026-08-17,1,1,0,1,3,0,0,,,1
模拟数据 / 独立项目,U0292,雅思留学型,2026-08-06,1,0,0,1,1,1,0,2026-08-17,,1
模拟数据 / 独立项目,U0293,考研长期型,2026-08-20,0,0,0,0,0,0,0,,,1
模拟数据 / 独立项目,U0294,四六级冲刺型,2026-08-07,1,1,0,1,4,0,0,,,1
模拟数据 / 独立项目,U0295,四六级冲刺型,2026-08-11,1,1,0,1,3,0,0,,,1
模拟数据 / 独立项目,U0296,考研长期型,2026-08-11,1,1,1,1,4,0,0,,,1
模拟数据 / 独立项目,U0297,四六级冲刺型,2026-08-17,0,0,0,0,0,0,0,,,1
模拟数据 / 独立项目,U0298,四六级冲刺型,2026-08-09,1,1,0,0,5,0,0,,,1
模拟数据 / 独立项目,U0299,兴趣提升型,2026-08-06,1,1,0,0,4,1,0,2026-08-16,,1
模拟数据 / 独立项目,U0300,兴趣提升型,2026-08-01,1,1,0,1,5,0,0,,,1
模拟数据 / 独立项目,U0301,兴趣提升型,2026-08-08,1,0,0,1,1,1,0,2026-08-19,,1
模拟数据 / 独立项目,U0302,考研长期型,2026-08-17,1,1,0,1,4,0,0,,,1
模拟数据 / 独立项目,U0303,职场提升型,2026-08-01,0,0,0,0,0,0,0,,,1
模拟数据 / 独立项目,U0304,托福留学型,2026-08-18,1,1,1,1,7,0,0,,,1
模拟数据 / 独立项目,U0305,四六级冲刺型,2026-08-11,0,0,0,0,0,0,0,,,1
模拟数据 / 独立项目,U0306,四六级冲刺型,2026-08-03,1,1,0,1,5,0,0,,,1
模拟数据 / 独立项目,U0307,兴趣提升型,2026-08-07,1,1,1,1,5,0,0,,,1
模拟数据 / 独立项目,U0308,四六级冲刺型,2026-08-12,1,1,0,1,5,0,0,,,1
模拟数据 / 独立项目,U0309,雅思留学型,2026-08-07,0,0,0,0,0,0,0,,,1
模拟数据 / 独立项目,U0310,习惯打卡型,2026-08-03,1,1,1,1,5,0,0,,,1
模拟数据 / 独立项目,U0311,四六级冲刺型,2026-08-14,0,0,0,0,0,0,0,,,1
模拟数据 / 独立项目,U0312,四六级冲刺型,2026-08-14,1,1,0,1,3,0,0,,,1
模拟数据 / 独立项目,U0313,习惯打卡型,2026-08-03,1,1,1,1,4,0,0,,,1
模拟数据 / 独立项目,U0314,托福留学型,2026-08-06,1,0,0,1,1,0,0,,,1
模拟数据 / 独立项目,U0315,四六级冲刺型,2026-08-05,1,0,1,1,1,1,0,2026-08-14,,1
模拟数据 / 独立项目,U0316,职场提升型,2026-08-14,0,0,0,0,0,0,0,,,1
模拟数据 / 独立项目,U0317,职场提升型,2026-08-15,1,0,0,1,1,1,0,2026-08-28,,1
模拟数据 / 独立项目,U0318,托福留学型,2026-08-15,1,0,1,1,1,0,0,,,1
模拟数据 / 独立项目,U0319,职业证书型,2026-08-19,1,1,0,0,4,0,0,,,1
模拟数据 / 独立项目,U0320,考研长期型,2026-08-16,1,0,0,0,1,1,0,2026-08-30,,1
模拟数据 / 独立项目,U0321,四六级冲刺型,2026-08-07,1,0,0,1,1,1,1,2026-08-18,2026-08-20,1
模拟数据 / 独立项目,U0322,托福留学型,2026-08-03,1,0,0,0,1,0,0,,,1
模拟数据 / 独立项目,U0323,考研长期型,2026-08-13,1,1,0,0,5,0,0,,,1
模拟数据 / 独立项目,U0324,职业证书型,2026-08-19,0,0,0,0,0,0,0,,,1
模拟数据 / 独立项目,U0325,职场提升型,2026-08-20,1,0,0,1,1,1,1,2026-08-30,2026-09-03,1
模拟数据 / 独立项目,U0326,四六级冲刺型,2026-08-05,1,1,1,1,5,0,0,,,1
模拟数据 / 独立项目,U0327,托福留学型,2026-08-05,0,0,0,0,0,0,0,,,1
模拟数据 / 独立项目,U0328,考研长期型,2026-08-01,0,0,0,0,0,0,0,,,1
模拟数据 / 独立项目,U0329,职场提升型,2026-08-03,1,1,0,1,4,0,0,,,1
模拟数据 / 独立项目,U0330,考研长期型,2026-08-12,1,1,0,1,5,0,0,,,1
模拟数据 / 独立项目,U0331,职业证书型,2026-08-11,1,0,0,1,1,0,0,,,1
模拟数据 / 独立项目,U0332,托福留学型,2026-08-08,1,1,1,1,5,0,0,,,1
模拟数据 / 独立项目,U0333,考研长期型,2026-08-07,1,1,1,1,6,0,0,,,1
模拟数据 / 独立项目,U0334,职业证书型,2026-08-17,0,0,0,0,0,0,0,,,1
模拟数据 / 独立项目,U0335,兴趣提升型,2026-08-10,1,1,1,1,5,0,0,,,1
模拟数据 / 独立项目,U0336,托福留学型,2026-08-17,1,0,1,1,1,0,0,,,1
模拟数据 / 独立项目,U0337,兴趣提升型,2026-08-20,1,1,1,0,5,0,0,,,1
模拟数据 / 独立项目,U0338,习惯打卡型,2026-08-07,1,0,0,0,1,0,0,,,1
模拟数据 / 独立项目,U0339,雅思留学型,2026-08-05,0,0,0,0,0,0,0,,,1
模拟数据 / 独立项目,U0340,雅思留学型,2026-08-20,1,1,1,1,5,0,0,,,1
模拟数据 / 独立项目,U0341,四六级冲刺型,2026-08-13,1,0,0,1,1,0,0,,,1
模拟数据 / 独立项目,U0342,兴趣提升型,2026-08-06,1,1,0,1,5,0,0,,,1
模拟数据 / 独立项目,U0343,托福留学型,2026-08-13,1,1,1,1,5,0,0,,,1
模拟数据 / 独立项目,U0344,雅思留学型,2026-08-11,0,0,0,0,0,0,0,,,1
模拟数据 / 独立项目,U0345,四六级冲刺型,2026-08-19,0,0,0,0,0,0,0,,,1
模拟数据 / 独立项目,U0346,职场提升型,2026-08-06,1,0,0,1,1,0,0,,,1
模拟数据 / 独立项目,U0347,考研长期型,2026-08-20,1,1,0,1,5,0,0,,,1
模拟数据 / 独立项目,U0348,兴趣提升型,2026-08-19,1,1,1,1,3,0,0,,,1
模拟数据 / 独立项目,U0349,四六级冲刺型,2026-08-04,1,1,0,1,3,0,0,,,1
模拟数据 / 独立项目,U0350,习惯打卡型,2026-08-04,1,1,1,1,3,1,1,2026-08-13,2026-08-18,1
模拟数据 / 独立项目,U0351,四六级冲刺型,2026-08-11,1,1,0,1,6,0,0,,,1
模拟数据 / 独立项目,U0352,四六级冲刺型,2026-08-01,1,1,1,1,4,0,0,,,1
模拟数据 / 独立项目,U0353,职场提升型,2026-08-06,1,1,0,1,5,0,0,,,1
模拟数据 / 独立项目,U0354,习惯打卡型,2026-08-09,1,1,0,1,5,0,0,,,1
模拟数据 / 独立项目,U0355,四六级冲刺型,2026-08-20,1,1,1,1,4,0,0,,,1
模拟数据 / 独立项目,U0356,雅思留学型,2026-08-20,1,0,0,1,1,0,0,,,1
模拟数据 / 独立项目,U0357,兴趣提升型,2026-08-04,1,1,0,1,5,0,0,,,1
模拟数据 / 独立项目,U0358,职场提升型,2026-08-18,1,1,0,1,5,0,0,,,1
模拟数据 / 独立项目,U0359,考研长期型,2026-08-02,1,1,1,1,5,1,1,2026-08-16,2026-08-23,1
模拟数据 / 独立项目,U0360,雅思留学型,2026-08-15,1,1,0,1,5,0,0,,,1
模拟数据 / 独立项目,U0361,兴趣提升型,2026-08-17,0,0,0,0,0,0,0,,,1
模拟数据 / 独立项目,U0362,兴趣提升型,2026-08-18,0,0,0,0,0,0,0,,,1
模拟数据 / 独立项目,U0363,兴趣提升型,2026-08-05,1,1,1,1,4,0,0,,,1
模拟数据 / 独立项目,U0364,托福留学型,2026-08-18,0,0,0,0,0,0,0,,,1
模拟数据 / 独立项目,U0365,四六级冲刺型,2026-08-03,1,0,0,1,1,0,0,,,1
模拟数据 / 独立项目,U0366,习惯打卡型,2026-08-11,1,1,0,1,5,0,0,,,1
模拟数据 / 独立项目,U0367,职场提升型,2026-08-10,1,0,0,1,1,0,0,,,1
模拟数据 / 独立项目,U0368,兴趣提升型,2026-08-07,0,0,0,0,0,0,0,,,1
模拟数据 / 独立项目,U0369,四六级冲刺型,2026-08-01,1,1,0,0,6,0,0,,,1
模拟数据 / 独立项目,U0370,四六级冲刺型,2026-08-16,0,0,0,0,0,0,0,,,1
模拟数据 / 独立项目,U0371,兴趣提升型,2026-08-07,1,0,0,1,1,0,0,,,1
模拟数据 / 独立项目,U0372,四六级冲刺型,2026-08-14,1,1,0,1,5,0,0,,,1
模拟数据 / 独立项目,U0373,习惯打卡型,2026-08-09,1,0,0,1,1,0,0,,,1
模拟数据 / 独立项目,U0374,考研长期型,2026-08-08,1,0,0,1,1,1,1,2026-08-21,2026-08-28,1
模拟数据 / 独立项目,U0375,兴趣提升型,2026-08-18,1,1,1,1,6,0,0,,,1
模拟数据 / 独立项目,U0376,职场提升型,2026-08-02,1,1,1,1,4,0,0,,,1
模拟数据 / 独立项目,U0377,考研长期型,2026-08-15,1,0,0,1,1,1,1,2026-08-24,2026-08-30,1
模拟数据 / 独立项目,U0378,考研长期型,2026-08-15,1,1,1,1,2,0,0,,,1
模拟数据 / 独立项目,U0379,职业证书型,2026-08-08,1,0,0,1,1,0,0,,,1
模拟数据 / 独立项目,U0380,托福留学型,2026-08-06,0,0,0,0,0,0,0,,,1
模拟数据 / 独立项目,U0381,雅思留学型,2026-08-01,0,0,0,0,0,0,0,,,1
模拟数据 / 独立项目,U0382,职业证书型,2026-08-19,0,0,0,0,0,0,0,,,1
模拟数据 / 独立项目,U0383,习惯打卡型,2026-08-19,0,0,0,0,0,0,0,,,1
模拟数据 / 独立项目,U0384,雅思留学型,2026-08-05,1,1,1,1,4,0,0,,,1
模拟数据 / 独立项目,U0385,四六级冲刺型,2026-08-01,1,0,0,0,1,0,0,,,1
模拟数据 / 独立项目,U0386,考研长期型,2026-08-03,0,0,0,0,0,0,0,,,1
模拟数据 / 独立项目,U0387,考研长期型,2026-08-02,1,1,0,1,5,0,0,,,1
模拟数据 / 独立项目,U0388,四六级冲刺型,2026-08-17,1,0,0,1,1,1,1,2026-08-30,2026-09-05,1
模拟数据 / 独立项目,U0389,四六级冲刺型,2026-08-18,0,0,0,0,0,0,0,,,1
模拟数据 / 独立项目,U0390,兴趣提升型,2026-08-04,1,1,0,1,4,0,0,,,1
模拟数据 / 独立项目,U0391,考研长期型,2026-08-15,1,1,0,1,3,0,0,,,1
模拟数据 / 独立项目,U0392,习惯打卡型,2026-08-04,0,0,0,0,0,0,0,,,1
模拟数据 / 独立项目,U0393,考研长期型,2026-08-08,1,1,1,1,4,0,0,,,1
模拟数据 / 独立项目,U0394,四六级冲刺型,2026-08-12,1,0,0,1,1,0,0,,,1
模拟数据 / 独立项目,U0395,兴趣提升型,2026-08-15,1,0,0,1,1,1,0,2026-08-27,,1
模拟数据 / 独立项目,U0396,职场提升型,2026-08-18,1,1,0,1,6,0,0,,,1
模拟数据 / 独立项目,U0397,考研长期型,2026-08-01,1,1,0,1,6,0,0,,,1
模拟数据 / 独立项目,U0398,四六级冲刺型,2026-08-04,0,0,0,0,0,0,0,,,1
模拟数据 / 独立项目,U0399,四六级冲刺型,2026-08-06,0,0,0,0,0,0,0,,,1
模拟数据 / 独立项目,U0400,托福留学型,2026-08-07,0,0,0,0,0,0,0,,,1
模拟数据 / 独立项目,U0401,雅思留学型,2026-08-20,1,1,0,1,4,0,0,,,1
模拟数据 / 独立项目,U0402,考研长期型,2026-08-16,1,1,0,0,7,0,0,,,1
模拟数据 / 独立项目,U0403,四六级冲刺型,2026-08-07,1,1,1,1,5,0,0,,,1
模拟数据 / 独立项目,U0404,雅思留学型,2026-08-20,0,0,0,0,0,0,0,,,1
模拟数据 / 独立项目,U0405,习惯打卡型,2026-08-10,1,0,0,1,1,0,0,,,1
模拟数据 / 独立项目,U0406,职业证书型,2026-08-11,1,0,0,1,1,0,0,,,1
模拟数据 / 独立项目,U0407,雅思留学型,2026-08-09,1,1,1,1,5,0,0,,,1
模拟数据 / 独立项目,U0408,四六级冲刺型,2026-08-03,1,1,1,1,5,0,0,,,1
模拟数据 / 独立项目,U0409,考研长期型,2026-08-19,1,1,0,0,4,0,0,,,1
模拟数据 / 独立项目,U0410,考研长期型,2026-08-01,1,1,0,1,7,0,0,,,1
模拟数据 / 独立项目,U0411,兴趣提升型,2026-08-04,0,0,0,0,0,0,0,,,1
模拟数据 / 独立项目,U0412,职场提升型,2026-08-05,1,1,0,1,5,0,0,,,1
模拟数据 / 独立项目,U0413,习惯打卡型,2026-08-06,1,1,1,1,3,0,0,,,1
模拟数据 / 独立项目,U0414,习惯打卡型,2026-08-03,1,1,0,1,4,1,0,2026-08-15,,1
模拟数据 / 独立项目,U0415,习惯打卡型,2026-08-01,1,1,1,1,5,0,0,,,1
模拟数据 / 独立项目,U0416,习惯打卡型,2026-08-14,0,0,0,0,0,0,0,,,1
模拟数据 / 独立项目,U0417,四六级冲刺型,2026-08-20,1,1,0,1,5,0,0,,,1
模拟数据 / 独立项目,U0418,四六级冲刺型,2026-08-03,0,0,0,0,0,0,0,,,1
模拟数据 / 独立项目,U0419,考研长期型,2026-08-06,1,1,0,0,6,0,0,,,1
模拟数据 / 独立项目,U0420,托福留学型,2026-08-11,1,1,1,1,4,0,0,,,1
模拟数据 / 独立项目,U0421,四六级冲刺型,2026-08-19,1,0,1,0,1,0,0,,,1
模拟数据 / 独立项目,U0422,职场提升型,2026-08-14,0,0,0,0,0,0,0,,,1
模拟数据 / 独立项目,U0423,职业证书型,2026-08-16,1,0,1,1,1,0,0,,,1
模拟数据 / 独立项目,U0424,托福留学型,2026-08-12,0,0,0,0,0,0,0,,,1
模拟数据 / 独立项目,U0425,四六级冲刺型,2026-08-09,0,0,0,0,0,0,0,,,1
模拟数据 / 独立项目,U0426,考研长期型,2026-08-04,1,0,0,1,1,1,0,2026-08-14,,1
模拟数据 / 独立项目,U0427,四六级冲刺型,2026-08-18,1,1,0,0,2,1,0,2026-08-26,,1
模拟数据 / 独立项目,U0428,职场提升型,2026-08-17,0,0,0,0,0,0,0,,,1
模拟数据 / 独立项目,U0429,托福留学型,2026-08-01,0,0,0,0,0,0,0,,,1
模拟数据 / 独立项目,U0430,兴趣提升型,2026-08-15,1,0,0,1,1,1,0,2026-08-24,,1
模拟数据 / 独立项目,U0431,考研长期型,2026-08-02,1,1,1,1,3,0,0,,,1
模拟数据 / 独立项目,U0432,考研长期型,2026-08-15,0,0,0,0,0,0,0,,,1
模拟数据 / 独立项目,U0433,雅思留学型,2026-08-17,1,1,0,1,3,0,0,,,1
模拟数据 / 独立项目,U0434,兴趣提升型,2026-08-03,0,0,0,0,0,0,0,,,1
模拟数据 / 独立项目,U0435,兴趣提升型,2026-08-09,1,0,0,1,1,1,0,2026-08-23,,1
模拟数据 / 独立项目,U0436,四六级冲刺型,2026-08-03,1,0,0,0,1,0,0,,,1
模拟数据 / 独立项目,U0437,习惯打卡型,2026-08-12,1,1,0,1,4,0,0,,,1
模拟数据 / 独立项目,U0438,四六级冲刺型,2026-08-19,1,1,1,1,4,0,0,,,1
模拟数据 / 独立项目,U0439,职场提升型,2026-08-02,1,0,0,1,1,0,0,,,1
模拟数据 / 独立项目,U0440,四六级冲刺型,2026-08-08,1,1,0,1,4,0,0,,,1
模拟数据 / 独立项目,U0441,考研长期型,2026-08-20,1,1,1,1,3,1,1,2026-09-02,2026-09-04,1
模拟数据 / 独立项目,U0442,职场提升型,2026-08-07,1,0,0,1,1,1,1,2026-08-18,2026-08-22,1
模拟数据 / 独立项目,U0443,四六级冲刺型,2026-08-03,0,0,0,0,0,0,0,,,1
模拟数据 / 独立项目,U0444,雅思留学型,2026-08-10,1,1,1,1,5,0,0,,,1
模拟数据 / 独立项目,U0445,雅思留学型,2026-08-11,0,0,0,0,0,0,0,,,1
模拟数据 / 独立项目,U0446,考研长期型,2026-08-14,1,1,0,1,5,0,0,,,1
模拟数据 / 独立项目,U0447,兴趣提升型,2026-08-07,1,0,0,1,1,0,0,,,1
模拟数据 / 独立项目,U0448,职场提升型,2026-08-20,1,1,1,0,5,0,0,,,1
模拟数据 / 独立项目,U0449,职场提升型,2026-08-11,1,1,0,1,6,0,0,,,1
模拟数据 / 独立项目,U0450,考研长期型,2026-08-06,1,1,0,1,4,0,0,,,1
模拟数据 / 独立项目,U0451,托福留学型,2026-08-20,1,1,0,1,4,0,0,,,1
模拟数据 / 独立项目,U0452,考研长期型,2026-08-19,1,1,1,1,3,1,1,2026-09-01,2026-09-08,1
模拟数据 / 独立项目,U0453,考研长期型,2026-08-10,0,0,0,0,0,0,0,,,1
模拟数据 / 独立项目,U0454,四六级冲刺型,2026-08-01,0,0,0,0,0,0,0,,,1
模拟数据 / 独立项目,U0455,习惯打卡型,2026-08-12,0,0,0,0,0,0,0,,,1
模拟数据 / 独立项目,U0456,职场提升型,2026-08-12,0,0,0,0,0,0,0,,,1
模拟数据 / 独立项目,U0457,兴趣提升型,2026-08-03,0,0,0,0,0,0,0,,,1
模拟数据 / 独立项目,U0458,雅思留学型,2026-08-13,1,0,0,0,1,1,1,2026-08-22,2026-08-27,1
模拟数据 / 独立项目,U0459,雅思留学型,2026-08-17,1,1,0,1,4,0,0,,,1
模拟数据 / 独立项目,U0460,托福留学型,2026-08-03,1,1,1,1,5,0,0,,,1
模拟数据 / 独立项目,U0461,托福留学型,2026-08-15,1,1,1,0,5,0,0,,,1
模拟数据 / 独立项目,U0462,雅思留学型,2026-08-03,1,0,0,1,1,1,1,2026-08-17,2026-08-19,1
模拟数据 / 独立项目,U0463,四六级冲刺型,2026-08-15,1,1,1,1,4,0,0,,,1
模拟数据 / 独立项目,U0464,四六级冲刺型,2026-08-09,1,1,1,1,5,0,0,,,1
模拟数据 / 独立项目,U0465,习惯打卡型,2026-08-01,1,1,1,1,4,1,0,2026-08-14,,1
模拟数据 / 独立项目,U0466,雅思留学型,2026-08-20,1,0,0,1,1,0,0,,,1
模拟数据 / 独立项目,U0467,习惯打卡型,2026-08-04,0,0,0,0,0,0,0,,,1
模拟数据 / 独立项目,U0468,四六级冲刺型,2026-08-12,0,0,0,0,0,0,0,,,1
模拟数据 / 独立项目,U0469,托福留学型,2026-08-04,0,0,0,0,0,0,0,,,1
模拟数据 / 独立项目,U0470,四六级冲刺型,2026-08-19,1,1,0,1,4,0,0,,,1
模拟数据 / 独立项目,U0471,考研长期型,2026-08-15,1,0,0,1,1,0,0,,,1
模拟数据 / 独立项目,U0472,四六级冲刺型,2026-08-17,1,0,0,1,1,0,0,,,1
模拟数据 / 独立项目,U0473,四六级冲刺型,2026-08-09,1,1,1,1,5,0,0,,,1
模拟数据 / 独立项目,U0474,习惯打卡型,2026-08-10,1,0,0,1,1,0,0,,,1
模拟数据 / 独立项目,U0475,考研长期型,2026-08-13,1,1,1,1,5,0,0,,,1
模拟数据 / 独立项目,U0476,职业证书型,2026-08-16,1,1,0,1,6,0,0,,,1
模拟数据 / 独立项目,U0477,雅思留学型,2026-08-17,1,0,0,1,1,1,0,2026-08-26,,1
模拟数据 / 独立项目,U0478,雅思留学型,2026-08-01,1,0,0,1,1,0,0,,,1
模拟数据 / 独立项目,U0479,托福留学型,2026-08-14,1,0,0,0,1,1,0,2026-08-28,,1
模拟数据 / 独立项目,U0480,四六级冲刺型,2026-08-03,1,1,0,0,6,0,0,,,1
模拟数据 / 独立项目,U0481,习惯打卡型,2026-08-06,1,1,0,1,3,0,0,,,1
模拟数据 / 独立项目,U0482,职场提升型,2026-08-17,0,0,0,0,0,0,0,,,1
模拟数据 / 独立项目,U0483,兴趣提升型,2026-08-06,1,0,0,1,1,1,1,2026-08-17,2026-08-24,1
模拟数据 / 独立项目,U0484,雅思留学型,2026-08-16,1,1,1,1,3,0,0,,,1
模拟数据 / 独立项目,U0485,四六级冲刺型,2026-08-10,1,1,0,1,5,0,0,,,1
模拟数据 / 独立项目,U0486,习惯打卡型,2026-08-05,0,0,0,0,0,0,0,,,1
模拟数据 / 独立项目,U0487,考研长期型,2026-08-07,1,1,0,1,3,0,0,,,1
模拟数据 / 独立项目,U0488,四六级冲刺型,2026-08-11,1,0,0,1,1,0,0,,,1
模拟数据 / 独立项目,U0489,考研长期型,2026-08-16,1,1,0,1,5,1,0,2026-08-26,,1
模拟数据 / 独立项目,U0490,兴趣提升型,2026-08-13,1,1,1,1,5,0,0,,,1
模拟数据 / 独立项目,U0491,职业证书型,2026-08-19,1,0,0,1,1,1,0,2026-09-02,,1
模拟数据 / 独立项目,U0492,兴趣提升型,2026-08-18,0,0,0,0,0,0,0,,,1
模拟数据 / 独立项目,U0493,兴趣提升型,2026-08-16,1,1,0,1,4,1,1,2026-08-24,2026-08-28,1
模拟数据 / 独立项目,U0494,四六级冲刺型,2026-08-13,0,0,0,0,0,0,0,,,1
模拟数据 / 独立项目,U0495,习惯打卡型,2026-08-06,1,1,1,1,5,0,0,,,1
模拟数据 / 独立项目,U0496,雅思留学型,2026-08-09,0,0,0,0,0,0,0,,,1
模拟数据 / 独立项目,U0497,职业证书型,2026-08-03,1,0,0,1,1,0,0,,,1
模拟数据 / 独立项目,U0498,四六级冲刺型,2026-08-08,1,0,0,1,1,0,0,,,1
模拟数据 / 独立项目,U0499,习惯打卡型,2026-08-19,0,0,0,0,0,0,0,,,1
模拟数据 / 独立项目,U0500,考研长期型,2026-08-09,1,1,1,1,5,0,0,,,1
模拟数据 / 独立项目,U0501,四六级冲刺型,2026-08-03,0,0,0,0,0,0,0,,,1
模拟数据 / 独立项目,U0502,雅思留学型,2026-08-14,1,0,0,1,1,1,0,2026-08-22,,1
模拟数据 / 独立项目,U0503,四六级冲刺型,2026-08-20,1,1,0,1,3,0,0,,,1
模拟数据 / 独立项目,U0504,四六级冲刺型,2026-08-18,1,1,1,0,4,1,0,2026-08-26,,1
模拟数据 / 独立项目,U0505,职业证书型,2026-08-06,1,1,1,1,6,1,0,2026-08-16,,1
模拟数据 / 独立项目,U0506,考研长期型,2026-08-10,1,1,0,1,5,0,0,,,1
模拟数据 / 独立项目,U0507,习惯打卡型,2026-08-11,0,0,0,0,0,0,0,,,1
模拟数据 / 独立项目,U0508,考研长期型,2026-08-05,1,1,0,0,5,0,0,,,1
模拟数据 / 独立项目,U0509,兴趣提升型,2026-08-06,0,0,0,0,0,0,0,,,1
模拟数据 / 独立项目,U0510,雅思留学型,2026-08-05,1,0,0,1,1,0,0,,,1
模拟数据 / 独立项目,U0511,职业证书型,2026-08-20,1,0,0,1,1,0,0,,,1
模拟数据 / 独立项目,U0512,托福留学型,2026-08-15,0,0,0,0,0,0,0,,,1
模拟数据 / 独立项目,U0513,雅思留学型,2026-08-17,1,1,1,1,5,1,0,2026-08-26,,1
模拟数据 / 独立项目,U0514,习惯打卡型,2026-08-17,1,1,1,0,5,0,0,,,1
模拟数据 / 独立项目,U0515,考研长期型,2026-08-20,1,0,0,0,1,1,0,2026-08-30,,1
模拟数据 / 独立项目,U0516,四六级冲刺型,2026-08-03,1,1,1,0,6,0,0,,,1
模拟数据 / 独立项目,U0517,职业证书型,2026-08-18,1,1,0,1,4,0,0,,,1
模拟数据 / 独立项目,U0518,职场提升型,2026-08-02,1,1,1,0,5,0,0,,,1
模拟数据 / 独立项目,U0519,四六级冲刺型,2026-08-10,0,0,0,0,0,0,0,,,1
模拟数据 / 独立项目,U0520,雅思留学型,2026-08-12,1,1,1,1,6,0,0,,,1
模拟数据 / 独立项目,U0521,职场提升型,2026-08-08,1,0,0,1,1,0,0,,,1
模拟数据 / 独立项目,U0522,兴趣提升型,2026-08-03,1,0,0,0,1,0,0,,,1
模拟数据 / 独立项目,U0523,习惯打卡型,2026-08-04,1,1,0,1,4,1,0,2026-08-16,,1
模拟数据 / 独立项目,U0524,托福留学型,2026-08-17,1,0,0,1,1,0,0,,,1
模拟数据 / 独立项目,U0525,职业证书型,2026-08-07,1,1,0,1,5,0,0,,,1
模拟数据 / 独立项目,U0526,考研长期型,2026-08-07,1,1,0,1,5,0,0,,,1
模拟数据 / 独立项目,U0527,习惯打卡型,2026-08-19,0,0,0,0,0,0,0,,,1
模拟数据 / 独立项目,U0528,考研长期型,2026-08-03,1,1,0,1,4,0,0,,,1
模拟数据 / 独立项目,U0529,兴趣提升型,2026-08-19,0,0,0,0,0,0,0,,,1
模拟数据 / 独立项目,U0530,雅思留学型,2026-08-19,1,1,1,1,4,1,1,2026-09-01,2026-09-06,1
模拟数据 / 独立项目,U0531,托福留学型,2026-08-12,1,1,1,1,2,0,0,,,1
模拟数据 / 独立项目,U0532,兴趣提升型,2026-08-04,0,0,0,0,0,0,0,,,1
模拟数据 / 独立项目,U0533,雅思留学型,2026-08-04,1,1,1,1,3,0,0,,,1
模拟数据 / 独立项目,U0534,习惯打卡型,2026-08-06,0,0,0,0,0,0,0,,,1
模拟数据 / 独立项目,U0535,雅思留学型,2026-08-12,0,0,0,0,0,0,0,,,1
模拟数据 / 独立项目,U0536,职业证书型,2026-08-04,1,1,0,1,6,0,0,,,1
模拟数据 / 独立项目,U0537,考研长期型,2026-08-10,1,1,0,1,5,0,0,,,1
模拟数据 / 独立项目,U0538,雅思留学型,2026-08-03,1,1,0,1,5,0,0,,,1
模拟数据 / 独立项目,U0539,雅思留学型,2026-08-11,1,1,0,1,3,0,0,,,1
模拟数据 / 独立项目,U0540,四六级冲刺型,2026-08-01,1,1,0,1,3,0,0,,,1
模拟数据 / 独立项目,U0541,四六级冲刺型,2026-08-15,1,1,0,1,3,0,0,,,1
模拟数据 / 独立项目,U0542,职业证书型,2026-08-02,0,0,0,0,0,0,0,,,1
模拟数据 / 独立项目,U0543,职业证书型,2026-08-04,1,0,0,1,1,1,0,2026-08-18,,1
模拟数据 / 独立项目,U0544,职业证书型,2026-08-04,0,0,0,0,0,0,0,,,1
模拟数据 / 独立项目,U0545,四六级冲刺型,2026-08-17,1,1,0,1,4,1,0,2026-08-28,,1
模拟数据 / 独立项目,U0546,考研长期型,2026-08-02,1,0,0,1,1,0,0,,,1
模拟数据 / 独立项目,U0547,四六级冲刺型,2026-08-09,1,1,0,1,5,0,0,,,1
模拟数据 / 独立项目,U0548,兴趣提升型,2026-08-12,1,0,0,1,1,0,0,,,1
模拟数据 / 独立项目,U0549,职场提升型,2026-08-11,1,1,0,1,4,0,0,,,1
模拟数据 / 独立项目,U0550,考研长期型,2026-08-14,1,1,0,1,5,0,0,,,1
模拟数据 / 独立项目,U0551,职业证书型,2026-08-17,1,1,1,1,5,1,1,2026-08-25,2026-08-28,1
模拟数据 / 独立项目,U0552,四六级冲刺型,2026-08-08,1,0,0,1,1,0,0,,,1
模拟数据 / 独立项目,U0553,考研长期型,2026-08-17,1,1,1,1,3,0,0,,,1
模拟数据 / 独立项目,U0554,四六级冲刺型,2026-08-07,0,0,0,0,0,0,0,,,1
模拟数据 / 独立项目,U0555,考研长期型,2026-08-20,1,1,1,1,4,1,1,2026-09-02,2026-09-05,1
模拟数据 / 独立项目,U0556,职业证书型,2026-08-11,1,1,1,1,2,0,0,,,1
模拟数据 / 独立项目,U0557,习惯打卡型,2026-08-15,1,1,1,1,6,0,0,,,1
模拟数据 / 独立项目,U0558,四六级冲刺型,2026-08-18,0,0,0,0,0,0,0,,,1
模拟数据 / 独立项目,U0559,托福留学型,2026-08-16,1,0,0,0,1,0,0,,,1
模拟数据 / 独立项目,U0560,兴趣提升型,2026-08-18,0,0,0,0,0,0,0,,,1
模拟数据 / 独立项目,U0561,习惯打卡型,2026-08-11,1,0,0,1,1,0,0,,,1
模拟数据 / 独立项目,U0562,职业证书型,2026-08-01,0,0,0,0,0,0,0,,,1
模拟数据 / 独立项目,U0563,考研长期型,2026-08-10,0,0,0,0,0,0,0,,,1
模拟数据 / 独立项目,U0564,职业证书型,2026-08-04,0,0,0,0,0,0,0,,,1
模拟数据 / 独立项目,U0565,考研长期型,2026-08-18,0,0,0,0,0,0,0,,,1
模拟数据 / 独立项目,U0566,习惯打卡型,2026-08-05,1,1,0,1,4,0,0,,,1
模拟数据 / 独立项目,U0567,考研长期型,2026-08-05,1,1,0,1,4,0,0,,,1
模拟数据 / 独立项目,U0568,兴趣提升型,2026-08-05,1,0,0,1,1,1,0,2026-08-15,,1
模拟数据 / 独立项目,U0569,四六级冲刺型,2026-08-13,1,1,0,1,4,0,0,,,1
模拟数据 / 独立项目,U0570,雅思留学型,2026-08-12,1,0,0,1,1,1,1,2026-08-26,2026-08-30,1
模拟数据 / 独立项目,U0571,职场提升型,2026-08-19,1,0,1,1,1,1,1,2026-08-28,2026-09-03,1
模拟数据 / 独立项目,U0572,职业证书型,2026-08-09,1,1,1,1,4,0,0,,,1
模拟数据 / 独立项目,U0573,雅思留学型,2026-08-06,1,1,1,1,3,0,0,,,1
模拟数据 / 独立项目,U0574,习惯打卡型,2026-08-01,1,1,1,1,3,0,0,,,1
模拟数据 / 独立项目,U0575,职场提升型,2026-08-01,0,0,0,0,0,0,0,,,1
模拟数据 / 独立项目,U0576,考研长期型,2026-08-08,1,1,0,1,5,1,0,2026-08-22,,1
模拟数据 / 独立项目,U0577,托福留学型,2026-08-19,1,0,0,1,1,0,0,,,1
模拟数据 / 独立项目,U0578,雅思留学型,2026-08-11,1,1,0,1,6,0,0,,,1
模拟数据 / 独立项目,U0579,职业证书型,2026-08-18,0,0,0,0,0,0,0,,,1
模拟数据 / 独立项目,U0580,考研长期型,2026-08-03,1,1,1,1,4,1,0,2026-08-13,,1
模拟数据 / 独立项目,U0581,考研长期型,2026-08-02,1,1,1,1,6,1,0,2026-08-12,,1
模拟数据 / 独立项目,U0582,习惯打卡型,2026-08-17,0,0,0,0,0,0,0,,,1
模拟数据 / 独立项目,U0583,习惯打卡型,2026-08-03,0,0,0,0,0,0,0,,,1
模拟数据 / 独立项目,U0584,职场提升型,2026-08-02,1,1,1,0,7,0,0,,,1
模拟数据 / 独立项目,U0585,习惯打卡型,2026-08-09,0,0,0,0,0,0,0,,,1
模拟数据 / 独立项目,U0586,兴趣提升型,2026-08-19,0,0,0,0,0,0,0,,,1
模拟数据 / 独立项目,U0587,兴趣提升型,2026-08-14,0,0,0,0,0,0,0,,,1
模拟数据 / 独立项目,U0588,兴趣提升型,2026-08-02,1,0,0,1,1,0,0,,,1
模拟数据 / 独立项目,U0589,雅思留学型,2026-08-17,1,1,0,1,4,0,0,,,1
模拟数据 / 独立项目,U0590,雅思留学型,2026-08-17,0,0,0,0,0,0,0,,,1
模拟数据 / 独立项目,U0591,考研长期型,2026-08-17,1,1,0,1,4,1,0,2026-08-31,,1
模拟数据 / 独立项目,U0592,职业证书型,2026-08-19,1,1,1,1,3,0,0,,,1
模拟数据 / 独立项目,U0593,考研长期型,2026-08-05,1,1,0,0,4,1,0,2026-08-13,,1
模拟数据 / 独立项目,U0594,考研长期型,2026-08-20,1,1,0,1,6,0,0,,,1
模拟数据 / 独立项目,U0595,托福留学型,2026-08-07,0,0,0,0,0,0,0,,,1
模拟数据 / 独立项目,U0596,雅思留学型,2026-08-17,1,0,0,0,1,0,0,,,1
模拟数据 / 独立项目,U0597,四六级冲刺型,2026-08-12,1,1,0,1,3,0,0,,,1
模拟数据 / 独立项目,U0598,职场提升型,2026-08-16,1,0,0,1,1,0,0,,,1
模拟数据 / 独立项目,U0599,职场提升型,2026-08-13,1,1,0,1,7,1,0,2026-08-22,,1
模拟数据 / 独立项目,U0600,四六级冲刺型,2026-08-13,1,0,0,1,1,1,0,2026-08-22,,1
模拟数据 / 独立项目,U0601,四六级冲刺型,2026-08-13,1,1,1,1,3,0,0,,,1
模拟数据 / 独立项目,U0602,考研长期型,2026-08-16,1,1,0,0,3,1,0,2026-08-29,,1
模拟数据 / 独立项目,U0603,兴趣提升型,2026-08-15,1,1,0,0,4,0,0,,,1
模拟数据 / 独立项目,U0604,职场提升型,2026-08-03,1,1,0,1,4,0,0,,,1
模拟数据 / 独立项目,U0605,四六级冲刺型,2026-08-17,1,1,0,1,4,0,0,,,1
模拟数据 / 独立项目,U0606,兴趣提升型,2026-08-11,1,1,1,0,4,0,0,,,1
模拟数据 / 独立项目,U0607,四六级冲刺型,2026-08-07,1,1,0,1,5,0,0,,,1
模拟数据 / 独立项目,U0608,考研长期型,2026-08-11,0,0,0,0,0,0,0,,,1
模拟数据 / 独立项目,U0609,习惯打卡型,2026-08-20,1,0,0,1,1,0,0,,,1
模拟数据 / 独立项目,U0610,四六级冲刺型,2026-08-18,1,1,0,0,3,0,0,,,1
模拟数据 / 独立项目,U0611,四六级冲刺型,2026-08-17,0,0,0,0,0,0,0,,,1
模拟数据 / 独立项目,U0612,雅思留学型,2026-08-10,1,1,1,0,5,0,0,,,1
模拟数据 / 独立项目,U0613,职业证书型,2026-08-16,1,1,1,1,5,0,0,,,1
模拟数据 / 独立项目,U0614,习惯打卡型,2026-08-08,1,0,0,1,1,1,1,2026-08-16,2026-08-23,1
模拟数据 / 独立项目,U0615,习惯打卡型,2026-08-14,1,1,0,1,4,0,0,,,1
模拟数据 / 独立项目,U0616,四六级冲刺型,2026-08-13,1,0,0,1,1,1,0,2026-08-25,,1
模拟数据 / 独立项目,U0617,四六级冲刺型,2026-08-05,0,0,0,0,0,0,0,,,1
模拟数据 / 独立项目,U0618,兴趣提升型,2026-08-06,1,1,1,0,4,1,0,2026-08-18,,1
模拟数据 / 独立项目,U0619,考研长期型,2026-08-02,1,0,0,1,1,0,0,,,1
模拟数据 / 独立项目,U0620,职场提升型,2026-08-03,0,0,0,0,0,0,0,,,1
模拟数据 / 独立项目,U0621,职业证书型,2026-08-09,1,1,0,1,4,0,0,,,1
模拟数据 / 独立项目,U0622,四六级冲刺型,2026-08-10,0,0,0,0,0,0,0,,,1
模拟数据 / 独立项目,U0623,职场提升型,2026-08-04,1,1,0,1,6,0,0,,,1
模拟数据 / 独立项目,U0624,四六级冲刺型,2026-08-09,0,0,0,0,0,0,0,,,1
模拟数据 / 独立项目,U0625,雅思留学型,2026-08-13,1,1,1,1,4,0,0,,,1
模拟数据 / 独立项目,U0626,托福留学型,2026-08-05,0,0,0,0,0,0,0,,,1
模拟数据 / 独立项目,U0627,雅思留学型,2026-08-07,1,1,1,0,4,0,0,,,1
模拟数据 / 独立项目,U0628,兴趣提升型,2026-08-08,1,0,0,1,1,0,0,,,1
模拟数据 / 独立项目,U0629,职业证书型,2026-08-11,1,1,0,1,5,0,0,,,1
模拟数据 / 独立项目,U0630,习惯打卡型,2026-08-08,0,0,0,0,0,0,0,,,1
模拟数据 / 独立项目,U0631,习惯打卡型,2026-08-15,1,1,1,1,3,0,0,,,1
模拟数据 / 独立项目,U0632,雅思留学型,2026-08-07,1,1,1,1,5,0,0,,,1
模拟数据 / 独立项目,U0633,四六级冲刺型,2026-08-09,0,0,0,0,0,0,0,,,1
模拟数据 / 独立项目,U0634,兴趣提升型,2026-08-08,0,0,0,0,0,0,0,,,1
模拟数据 / 独立项目,U0635,习惯打卡型,2026-08-04,0,0,0,0,0,0,0,,,1
模拟数据 / 独立项目,U0636,考研长期型,2026-08-14,1,1,0,0,4,1,1,2026-08-28,2026-08-31,1
模拟数据 / 独立项目,U0637,雅思留学型,2026-08-05,1,1,0,1,5,0,0,,,1
模拟数据 / 独立项目,U0638,雅思留学型,2026-08-06,1,0,0,0,1,1,1,2026-08-18,2026-08-21,1
模拟数据 / 独立项目,U0639,四六级冲刺型,2026-08-16,1,0,0,1,1,1,0,2026-08-30,,1
模拟数据 / 独立项目,U0640,职业证书型,2026-08-19,1,1,0,0,3,0,0,,,1
模拟数据 / 独立项目,U0641,考研长期型,2026-08-14,1,0,0,0,1,0,0,,,1
模拟数据 / 独立项目,U0642,兴趣提升型,2026-08-19,1,0,0,0,1,0,0,,,1
模拟数据 / 独立项目,U0643,职场提升型,2026-08-18,1,1,0,0,5,0,0,,,1
模拟数据 / 独立项目,U0644,职场提升型,2026-08-10,0,0,0,0,0,0,0,,,1
模拟数据 / 独立项目,U0645,雅思留学型,2026-08-16,1,0,0,0,1,0,0,,,1
模拟数据 / 独立项目,U0646,考研长期型,2026-08-07,1,0,0,1,1,1,1,2026-08-19,2026-08-24,1
模拟数据 / 独立项目,U0647,兴趣提升型,2026-08-10,1,1,1,0,5,0,0,,,1
模拟数据 / 独立项目,U0648,职场提升型,2026-08-11,1,0,0,1,1,0,0,,,1
模拟数据 / 独立项目,U0649,雅思留学型,2026-08-20,1,0,0,1,1,0,0,,,1
模拟数据 / 独立项目,U0650,职场提升型,2026-08-17,1,0,0,1,1,0,0,,,1
模拟数据 / 独立项目,U0651,四六级冲刺型,2026-08-10,1,1,0,1,5,0,0,,,1
模拟数据 / 独立项目,U0652,职场提升型,2026-08-14,1,1,1,0,3,1,1,2026-08-23,2026-08-27,1
模拟数据 / 独立项目,U0653,四六级冲刺型,2026-08-05,1,1,0,0,5,0,0,,,1
模拟数据 / 独立项目,U0654,四六级冲刺型,2026-08-17,1,0,0,1,1,1,0,2026-08-30,,1
模拟数据 / 独立项目,U0655,托福留学型,2026-08-12,1,0,0,1,1,0,0,,,1
模拟数据 / 独立项目,U0656,四六级冲刺型,2026-08-11,1,0,0,1,1,0,0,,,1
模拟数据 / 独立项目,U0657,四六级冲刺型,2026-08-16,1,1,1,1,5,0,0,,,1
模拟数据 / 独立项目,U0658,四六级冲刺型,2026-08-13,1,0,1,1,1,0,0,,,1
模拟数据 / 独立项目,U0659,雅思留学型,2026-08-02,1,0,0,0,1,0,0,,,1
模拟数据 / 独立项目,U0660,兴趣提升型,2026-08-06,1,1,0,1,4,0,0,,,1
模拟数据 / 独立项目,U0661,四六级冲刺型,2026-08-04,1,0,0,1,1,0,0,,,1
模拟数据 / 独立项目,U0662,职业证书型,2026-08-15,1,1,1,1,4,0,0,,,1
模拟数据 / 独立项目,U0663,职场提升型,2026-08-01,1,1,0,1,5,0,0,,,1
模拟数据 / 独立项目,U0664,四六级冲刺型,2026-08-05,1,1,0,0,5,0,0,,,1
模拟数据 / 独立项目,U0665,四六级冲刺型,2026-08-12,1,1,0,0,5,0,0,,,1
模拟数据 / 独立项目,U0666,职场提升型,2026-08-14,1,1,1,1,3,0,0,,,1
模拟数据 / 独立项目,U0667,职场提升型,2026-08-11,1,0,0,1,1,1,0,2026-08-25,,1
模拟数据 / 独立项目,U0668,托福留学型,2026-08-18,1,0,0,1,1,0,0,,,1
模拟数据 / 独立项目,U0669,职场提升型,2026-08-19,1,1,1,1,7,0,0,,,1
模拟数据 / 独立项目,U0670,四六级冲刺型,2026-08-03,0,0,0,0,0,0,0,,,1
模拟数据 / 独立项目,U0671,考研长期型,2026-08-20,1,0,0,1,1,0,0,,,1
模拟数据 / 独立项目,U0672,兴趣提升型,2026-08-13,0,0,0,0,0,0,0,,,1
模拟数据 / 独立项目,U0673,考研长期型,2026-08-13,1,1,1,1,3,0,0,,,1
模拟数据 / 独立项目,U0674,兴趣提升型,2026-08-02,0,0,0,0,0,0,0,,,1
模拟数据 / 独立项目,U0675,雅思留学型,2026-08-13,1,0,1,1,1,1,0,2026-08-22,,1
模拟数据 / 独立项目,U0676,兴趣提升型,2026-08-15,1,0,0,1,1,0,0,,,1
模拟数据 / 独立项目,U0677,雅思留学型,2026-08-12,1,0,0,1,1,0,0,,,1
模拟数据 / 独立项目,U0678,考研长期型,2026-08-02,1,1,1,1,4,0,0,,,1
模拟数据 / 独立项目,U0679,四六级冲刺型,2026-08-11,1,1,1,1,3,0,0,,,1
模拟数据 / 独立项目,U0680,四六级冲刺型,2026-08-19,1,1,0,1,5,0,0,,,1
模拟数据 / 独立项目,U0681,兴趣提升型,2026-08-15,0,0,0,0,0,0,0,,,1
模拟数据 / 独立项目,U0682,四六级冲刺型,2026-08-03,1,1,1,1,3,0,0,,,1
模拟数据 / 独立项目,U0683,四六级冲刺型,2026-08-20,0,0,0,0,0,0,0,,,1
模拟数据 / 独立项目,U0684,四六级冲刺型,2026-08-20,1,1,0,1,3,0,0,,,1
模拟数据 / 独立项目,U0685,四六级冲刺型,2026-08-04,1,0,0,1,1,0,0,,,1
模拟数据 / 独立项目,U0686,职场提升型,2026-08-17,1,1,0,1,5,0,0,,,1
模拟数据 / 独立项目,U0687,考研长期型,2026-08-09,1,0,0,0,1,0,0,,,1
模拟数据 / 独立项目,U0688,习惯打卡型,2026-08-12,1,1,0,1,7,0,0,,,1
模拟数据 / 独立项目,U0689,四六级冲刺型,2026-08-09,0,0,0,0,0,0,0,,,1
模拟数据 / 独立项目,U0690,职业证书型,2026-08-16,1,0,0,1,1,0,0,,,1
模拟数据 / 独立项目,U0691,雅思留学型,2026-08-20,1,1,0,0,5,0,0,,,1
模拟数据 / 独立项目,U0692,考研长期型,2026-08-16,1,1,1,1,4,0,0,,,1
模拟数据 / 独立项目,U0693,职场提升型,2026-08-19,1,1,0,1,6,0,0,,,1
模拟数据 / 独立项目,U0694,习惯打卡型,2026-08-19,1,0,0,1,1,0,0,,,1
模拟数据 / 独立项目,U0695,职场提升型,2026-08-02,0,0,0,0,0,0,0,,,1
模拟数据 / 独立项目,U0696,四六级冲刺型,2026-08-06,1,0,0,1,1,0,0,,,1
模拟数据 / 独立项目,U0697,考研长期型,2026-08-15,1,0,0,1,1,0,0,,,1
模拟数据 / 独立项目,U0698,职业证书型,2026-08-12,1,1,1,0,4,0,0,,,1
模拟数据 / 独立项目,U0699,考研长期型,2026-08-02,1,0,0,1,1,1,0,2026-08-14,,1
模拟数据 / 独立项目,U0700,兴趣提升型,2026-08-02,1,1,0,1,5,0,0,,,1
模拟数据 / 独立项目,U0701,托福留学型,2026-08-11,1,1,1,1,3,0,0,,,1
模拟数据 / 独立项目,U0702,托福留学型,2026-08-13,1,0,0,1,1,1,0,2026-08-26,,1
模拟数据 / 独立项目,U0703,职场提升型,2026-08-04,1,1,0,0,6,0,0,,,1
模拟数据 / 独立项目,U0704,兴趣提升型,2026-08-04,1,1,1,1,4,0,0,,,1
模拟数据 / 独立项目,U0705,四六级冲刺型,2026-08-03,1,0,1,1,1,0,0,,,1
模拟数据 / 独立项目,U0706,四六级冲刺型,2026-08-12,1,0,0,1,1,0,0,,,1
模拟数据 / 独立项目,U0707,职业证书型,2026-08-01,0,0,0,0,0,0,0,,,1
模拟数据 / 独立项目,U0708,雅思留学型,2026-08-12,1,1,1,1,7,0,0,,,1
模拟数据 / 独立项目,U0709,考研长期型,2026-08-10,1,1,0,1,6,0,0,,,1
模拟数据 / 独立项目,U0710,雅思留学型,2026-08-10,0,0,0,0,0,0,0,,,1
模拟数据 / 独立项目,U0711,兴趣提升型,2026-08-14,0,0,0,0,0,0,0,,,1
模拟数据 / 独立项目,U0712,职场提升型,2026-08-11,1,0,0,0,1,1,0,2026-08-21,,1
模拟数据 / 独立项目,U0713,托福留学型,2026-08-15,1,1,0,1,4,0,0,,,1
模拟数据 / 独立项目,U0714,考研长期型,2026-08-16,1,0,0,0,1,0,0,,,1
模拟数据 / 独立项目,U0715,考研长期型,2026-08-19,1,0,0,1,1,1,1,2026-08-28,2026-08-31,1
模拟数据 / 独立项目,U0716,托福留学型,2026-08-16,1,1,0,1,4,0,0,,,1
模拟数据 / 独立项目,U0717,考研长期型,2026-08-11,1,1,1,1,3,0,0,,,1
模拟数据 / 独立项目,U0718,托福留学型,2026-08-10,0,0,0,0,0,0,0,,,1
模拟数据 / 独立项目,U0719,职业证书型,2026-08-05,1,1,1,1,4,0,0,,,1
模拟数据 / 独立项目,U0720,四六级冲刺型,2026-08-12,0,0,0,0,0,0,0,,,1
模拟数据 / 独立项目,U0721,四六级冲刺型,2026-08-03,0,0,0,0,0,0,0,,,1
模拟数据 / 独立项目,U0722,四六级冲刺型,2026-08-19,0,0,0,0,0,0,0,,,1
模拟数据 / 独立项目,U0723,职场提升型,2026-08-17,1,0,0,0,1,0,0,,,1
模拟数据 / 独立项目,U0724,职业证书型,2026-08-03,0,0,0,0,0,0,0,,,1
模拟数据 / 独立项目,U0725,四六级冲刺型,2026-08-16,0,0,0,0,0,0,0,,,1
模拟数据 / 独立项目,U0726,职场提升型,2026-08-03,0,0,0,0,0,0,0,,,1
模拟数据 / 独立项目,U0727,雅思留学型,2026-08-15,1,0,0,1,1,0,0,,,1
模拟数据 / 独立项目,U0728,雅思留学型,2026-08-02,0,0,0,0,0,0,0,,,1
模拟数据 / 独立项目,U0729,习惯打卡型,2026-08-10,0,0,0,0,0,0,0,,,1
模拟数据 / 独立项目,U0730,四六级冲刺型,2026-08-14,0,0,0,0,0,0,0,,,1
模拟数据 / 独立项目,U0731,四六级冲刺型,2026-08-15,1,1,0,0,5,0,0,,,1
模拟数据 / 独立项目,U0732,托福留学型,2026-08-09,0,0,0,0,0,0,0,,,1
模拟数据 / 独立项目,U0733,四六级冲刺型,2026-08-19,1,0,0,1,1,1,0,2026-08-28,,1
模拟数据 / 独立项目,U0734,职业证书型,2026-08-16,1,0,0,1,1,1,1,2026-08-24,2026-08-29,1
模拟数据 / 独立项目,U0735,四六级冲刺型,2026-08-05,1,1,1,0,4,0,0,,,1
模拟数据 / 独立项目,U0736,四六级冲刺型,2026-08-14,1,0,0,1,1,0,0,,,1
模拟数据 / 独立项目,U0737,四六级冲刺型,2026-08-15,1,1,1,1,5,0,0,,,1
模拟数据 / 独立项目,U0738,雅思留学型,2026-08-07,0,0,0,0,0,0,0,,,1
模拟数据 / 独立项目,U0739,四六级冲刺型,2026-08-15,1,1,1,0,6,0,0,,,1
模拟数据 / 独立项目,U0740,四六级冲刺型,2026-08-18,0,0,0,0,0,0,0,,,1
模拟数据 / 独立项目,U0741,职场提升型,2026-08-17,0,0,0,0,0,0,0,,,1
模拟数据 / 独立项目,U0742,考研长期型,2026-08-16,1,1,1,1,3,1,0,2026-08-25,,1
模拟数据 / 独立项目,U0743,考研长期型,2026-08-13,0,0,0,0,0,0,0,,,1
模拟数据 / 独立项目,U0744,四六级冲刺型,2026-08-06,1,0,0,1,1,1,0,2026-08-15,,1
模拟数据 / 独立项目,U0745,考研长期型,2026-08-16,1,1,0,0,6,0,0,,,1
模拟数据 / 独立项目,U0746,考研长期型,2026-08-08,0,0,0,0,0,0,0,,,1
模拟数据 / 独立项目,U0747,职业证书型,2026-08-11,1,1,0,1,2,0,0,,,1
模拟数据 / 独立项目,U0748,四六级冲刺型,2026-08-07,0,0,0,0,0,0,0,,,1
模拟数据 / 独立项目,U0749,职场提升型,2026-08-07,1,1,1,0,4,1,0,2026-08-17,,1
模拟数据 / 独立项目,U0750,习惯打卡型,2026-08-04,1,1,0,1,4,0,0,,,1
模拟数据 / 独立项目,U0751,四六级冲刺型,2026-08-20,1,1,1,1,5,0,0,,,1
模拟数据 / 独立项目,U0752,四六级冲刺型,2026-08-03,1,1,0,0,2,1,0,2026-08-14,,1
模拟数据 / 独立项目,U0753,四六级冲刺型,2026-08-02,0,0,0,0,0,0,0,,,1
模拟数据 / 独立项目,U0754,职业证书型,2026-08-19,1,1,0,1,3,1,0,2026-09-01,,1
模拟数据 / 独立项目,U0755,四六级冲刺型,2026-08-12,1,1,0,1,6,0,0,,,1
模拟数据 / 独立项目,U0756,职场提升型,2026-08-09,1,0,0,1,1,0,0,,,1
模拟数据 / 独立项目,U0757,兴趣提升型,2026-08-15,1,0,0,1,1,1,0,2026-08-26,,1
模拟数据 / 独立项目,U0758,职场提升型,2026-08-08,1,1,0,0,3,0,0,,,1
模拟数据 / 独立项目,U0759,托福留学型,2026-08-03,1,0,0,0,1,0,0,,,1
模拟数据 / 独立项目,U0760,习惯打卡型,2026-08-15,1,1,1,1,4,1,0,2026-08-26,,1
模拟数据 / 独立项目,U0761,四六级冲刺型,2026-08-04,1,1,1,1,5,0,0,,,1
模拟数据 / 独立项目,U0762,雅思留学型,2026-08-12,1,1,0,1,5,0,0,,,1
模拟数据 / 独立项目,U0763,考研长期型,2026-08-19,1,0,0,1,1,1,1,2026-09-02,2026-09-07,1
模拟数据 / 独立项目,U0764,习惯打卡型,2026-08-19,1,1,0,1,5,0,0,,,1
模拟数据 / 独立项目,U0765,托福留学型,2026-08-08,1,1,0,1,4,0,0,,,1
模拟数据 / 独立项目,U0766,职场提升型,2026-08-16,0,0,0,0,0,0,0,,,1
模拟数据 / 独立项目,U0767,四六级冲刺型,2026-08-13,1,0,0,1,1,0,0,,,1
模拟数据 / 独立项目,U0768,习惯打卡型,2026-08-10,1,1,1,1,5,0,0,,,1
模拟数据 / 独立项目,U0769,雅思留学型,2026-08-03,0,0,0,0,0,0,0,,,1
模拟数据 / 独立项目,U0770,雅思留学型,2026-08-08,0,0,0,0,0,0,0,,,1
模拟数据 / 独立项目,U0771,习惯打卡型,2026-08-14,1,0,0,1,1,0,0,,,1
模拟数据 / 独立项目,U0772,考研长期型,2026-08-20,0,0,0,0,0,0,0,,,1
模拟数据 / 独立项目,U0773,考研长期型,2026-08-01,1,0,0,1,1,0,0,,,1
模拟数据 / 独立项目,U0774,托福留学型,2026-08-15,1,0,0,0,1,1,0,2026-08-28,,1
模拟数据 / 独立项目,U0775,四六级冲刺型,2026-08-17,1,1,0,1,5,0,0,,,1
模拟数据 / 独立项目,U0776,考研长期型,2026-08-20,1,1,0,1,5,0,0,,,1
模拟数据 / 独立项目,U0777,四六级冲刺型,2026-08-09,1,0,0,1,1,1,0,2026-08-22,,1
模拟数据 / 独立项目,U0778,四六级冲刺型,2026-08-03,1,1,0,1,5,0,0,,,1
模拟数据 / 独立项目,U0779,职场提升型,2026-08-06,1,1,1,1,5,0,0,,,1
模拟数据 / 独立项目,U0780,托福留学型,2026-08-18,1,1,0,1,3,1,0,2026-08-26,,1
模拟数据 / 独立项目,U0781,考研长期型,2026-08-18,1,0,0,1,1,1,1,2026-08-30,2026-09-06,1
模拟数据 / 独立项目,U0782,雅思留学型,2026-08-13,1,0,0,1,1,0,0,,,1
模拟数据 / 独立项目,U0783,雅思留学型,2026-08-03,0,0,0,0,0,0,0,,,1
模拟数据 / 独立项目,U0784,职业证书型,2026-08-03,0,0,0,0,0,0,0,,,1
模拟数据 / 独立项目,U0785,习惯打卡型,2026-08-10,1,0,0,1,1,0,0,,,1
模拟数据 / 独立项目,U0786,习惯打卡型,2026-08-12,1,0,0,1,1,0,0,,,1
模拟数据 / 独立项目,U0787,考研长期型,2026-08-01,0,0,0,0,0,0,0,,,1
模拟数据 / 独立项目,U0788,考研长期型,2026-08-14,1,0,0,1,1,0,0,,,1
模拟数据 / 独立项目,U0789,雅思留学型,2026-08-11,1,1,1,1,3,0,0,,,1
模拟数据 / 独立项目,U0790,托福留学型,2026-08-01,0,0,0,0,0,0,0,,,1
模拟数据 / 独立项目,U0791,雅思留学型,2026-08-02,1,1,1,1,5,0,0,,,1
模拟数据 / 独立项目,U0792,职业证书型,2026-08-10,1,0,0,1,1,1,0,2026-08-21,,1
模拟数据 / 独立项目,U0793,托福留学型,2026-08-15,1,1,0,1,3,0,0,,,1
模拟数据 / 独立项目,U0794,考研长期型,2026-08-17,1,1,0,1,5,0,0,,,1
模拟数据 / 独立项目,U0795,考研长期型,2026-08-09,1,1,0,0,2,1,1,2026-08-18,2026-08-20,1
模拟数据 / 独立项目,U0796,考研长期型,2026-08-06,1,1,1,0,4,0,0,,,1
模拟数据 / 独立项目,U0797,四六级冲刺型,2026-08-20,1,0,0,0,1,1,0,2026-09-03,,1
模拟数据 / 独立项目,U0798,四六级冲刺型,2026-08-10,1,1,1,1,5,1,0,2026-08-18,,1
模拟数据 / 独立项目,U0799,兴趣提升型,2026-08-07,0,0,0,0,0,0,0,,,1
模拟数据 / 独立项目,U0800,考研长期型,2026-08-09,1,1,1,1,4,0,0,,,1
模拟数据 / 独立项目,U0801,四六级冲刺型,2026-08-01,1,1,0,1,4,1,1,2026-08-09,2026-08-14,1
模拟数据 / 独立项目,U0802,托福留学型,2026-08-07,1,1,0,1,4,0,0,,,1
模拟数据 / 独立项目,U0803,兴趣提升型,2026-08-11,1,1,1,1,4,0,0,,,1
模拟数据 / 独立项目,U0804,考研长期型,2026-08-19,1,1,1,1,4,0,0,,,1
模拟数据 / 独立项目,U0805,职场提升型,2026-08-15,1,0,0,1,1,1,1,2026-08-25,2026-08-30,1
模拟数据 / 独立项目,U0806,习惯打卡型,2026-08-16,1,1,1,1,5,0,0,,,1
模拟数据 / 独立项目,U0807,托福留学型,2026-08-11,0,0,0,0,0,0,0,,,1
模拟数据 / 独立项目,U0808,职业证书型,2026-08-03,1,0,0,1,1,0,0,,,1
模拟数据 / 独立项目,U0809,四六级冲刺型,2026-08-08,0,0,0,0,0,0,0,,,1
模拟数据 / 独立项目,U0810,习惯打卡型,2026-08-20,1,1,1,0,2,0,0,,,1
模拟数据 / 独立项目,U0811,考研长期型,2026-08-01,1,1,1,1,4,1,0,2026-08-15,,1
模拟数据 / 独立项目,U0812,习惯打卡型,2026-08-18,1,1,0,1,4,0,0,,,1
模拟数据 / 独立项目,U0813,托福留学型,2026-08-14,0,0,0,0,0,0,0,,,1
模拟数据 / 独立项目,U0814,四六级冲刺型,2026-08-06,0,0,0,0,0,0,0,,,1
模拟数据 / 独立项目,U0815,四六级冲刺型,2026-08-16,1,1,1,1,5,0,0,,,1
模拟数据 / 独立项目,U0816,兴趣提升型,2026-08-17,1,1,0,1,3,0,0,,,1
模拟数据 / 独立项目,U0817,托福留学型,2026-08-01,0,0,0,0,0,0,0,,,1
模拟数据 / 独立项目,U0818,四六级冲刺型,2026-08-03,0,0,0,0,0,0,0,,,1
模拟数据 / 独立项目,U0819,兴趣提升型,2026-08-14,1,0,0,0,1,1,0,2026-08-25,,1
模拟数据 / 独立项目,U0820,职场提升型,2026-08-20,1,1,1,1,4,0,0,,,1
模拟数据 / 独立项目,U0821,雅思留学型,2026-08-01,0,0,0,0,0,0,0,,,1
模拟数据 / 独立项目,U0822,雅思留学型,2026-08-14,1,1,0,1,5,0,0,,,1
模拟数据 / 独立项目,U0823,四六级冲刺型,2026-08-03,1,1,1,1,4,0,0,,,1
模拟数据 / 独立项目,U0824,兴趣提升型,2026-08-14,1,0,1,1,1,1,1,2026-08-23,2026-08-25,1
模拟数据 / 独立项目,U0825,考研长期型,2026-08-13,1,0,0,0,1,0,0,,,1
模拟数据 / 独立项目,U0826,职场提升型,2026-08-02,1,1,0,1,5,0,0,,,1
模拟数据 / 独立项目,U0827,考研长期型,2026-08-14,1,0,0,1,1,0,0,,,1
模拟数据 / 独立项目,U0828,托福留学型,2026-08-18,0,0,0,0,0,0,0,,,1
模拟数据 / 独立项目,U0829,考研长期型,2026-08-18,1,1,0,1,7,1,1,2026-08-26,2026-09-02,1
模拟数据 / 独立项目,U0830,四六级冲刺型,2026-08-01,0,0,0,0,0,0,0,,,1
模拟数据 / 独立项目,U0831,兴趣提升型,2026-08-05,1,1,1,1,4,0,0,,,1
模拟数据 / 独立项目,U0832,雅思留学型,2026-08-05,1,0,0,1,1,0,0,,,1
模拟数据 / 独立项目,U0833,托福留学型,2026-08-10,1,0,0,1,1,1,0,2026-08-20,,1
模拟数据 / 独立项目,U0834,习惯打卡型,2026-08-03,1,0,0,1,1,0,0,,,1
模拟数据 / 独立项目,U0835,习惯打卡型,2026-08-18,1,1,0,0,6,1,0,2026-08-27,,1
模拟数据 / 独立项目,U0836,职场提升型,2026-08-16,1,0,0,1,1,1,1,2026-08-25,2026-09-01,1
模拟数据 / 独立项目,U0837,四六级冲刺型,2026-08-17,1,0,0,1,1,0,0,,,1
模拟数据 / 独立项目,U0838,托福留学型,2026-08-04,1,1,1,1,4,0,0,,,1
模拟数据 / 独立项目,U0839,职场提升型,2026-08-01,1,1,1,1,6,0,0,,,1
模拟数据 / 独立项目,U0840,考研长期型,2026-08-19,1,1,1,0,5,0,0,,,1
模拟数据 / 独立项目,U0841,四六级冲刺型,2026-08-06,0,0,0,0,0,0,0,,,1
模拟数据 / 独立项目,U0842,职场提升型,2026-08-14,1,1,1,1,7,0,0,,,1
模拟数据 / 独立项目,U0843,雅思留学型,2026-08-19,1,0,0,1,1,0,0,,,1
模拟数据 / 独立项目,U0844,托福留学型,2026-08-01,1,0,0,1,1,1,0,2026-08-13,,1
模拟数据 / 独立项目,U0845,习惯打卡型,2026-08-01,0,0,0,0,0,0,0,,,1
模拟数据 / 独立项目,U0846,职业证书型,2026-08-01,1,1,1,1,4,1,1,2026-08-15,2026-08-22,1
模拟数据 / 独立项目,U0847,雅思留学型,2026-08-04,0,0,0,0,0,0,0,,,1
模拟数据 / 独立项目,U0848,考研长期型,2026-08-02,0,0,0,0,0,0,0,,,1
模拟数据 / 独立项目,U0849,雅思留学型,2026-08-17,0,0,0,0,0,0,0,,,1
模拟数据 / 独立项目,U0850,四六级冲刺型,2026-08-13,1,1,1,1,5,0,0,,,1
模拟数据 / 独立项目,U0851,兴趣提升型,2026-08-20,1,1,0,1,3,0,0,,,1
模拟数据 / 独立项目,U0852,职场提升型,2026-08-17,1,1,0,0,3,0,0,,,1
模拟数据 / 独立项目,U0853,考研长期型,2026-08-20,1,1,1,1,6,0,0,,,1
模拟数据 / 独立项目,U0854,考研长期型,2026-08-05,1,0,0,1,1,1,0,2026-08-15,,1
模拟数据 / 独立项目,U0855,职场提升型,2026-08-06,1,1,1,1,5,0,0,,,1
模拟数据 / 独立项目,U0856,四六级冲刺型,2026-08-17,1,1,0,1,3,1,1,2026-08-27,2026-09-01,1
模拟数据 / 独立项目,U0857,托福留学型,2026-08-05,0,0,0,0,0,0,0,,,1
模拟数据 / 独立项目,U0858,雅思留学型,2026-08-02,1,0,1,1,1,1,0,2026-08-14,,1
模拟数据 / 独立项目,U0859,兴趣提升型,2026-08-14,1,1,0,1,5,0,0,,,1
模拟数据 / 独立项目,U0860,四六级冲刺型,2026-08-17,0,0,0,0,0,0,0,,,1
模拟数据 / 独立项目,U0861,职业证书型,2026-08-20,1,1,0,1,5,1,1,2026-09-01,2026-09-03,1
模拟数据 / 独立项目,U0862,考研长期型,2026-08-19,0,0,0,0,0,0,0,,,1
模拟数据 / 独立项目,U0863,职业证书型,2026-08-03,1,0,0,1,1,0,0,,,1
模拟数据 / 独立项目,U0864,四六级冲刺型,2026-08-16,0,0,0,0,0,0,0,,,1
模拟数据 / 独立项目,U0865,雅思留学型,2026-08-17,1,1,1,1,7,0,0,,,1
模拟数据 / 独立项目,U0866,托福留学型,2026-08-14,0,0,0,0,0,0,0,,,1
模拟数据 / 独立项目,U0867,四六级冲刺型,2026-08-17,0,0,0,0,0,0,0,,,1
模拟数据 / 独立项目,U0868,四六级冲刺型,2026-08-17,0,0,0,0,0,0,0,,,1
模拟数据 / 独立项目,U0869,四六级冲刺型,2026-08-09,1,1,1,1,4,0,0,,,1
模拟数据 / 独立项目,U0870,考研长期型,2026-08-01,1,1,1,1,4,0,0,,,1
模拟数据 / 独立项目,U0871,四六级冲刺型,2026-08-10,0,0,0,0,0,0,0,,,1
模拟数据 / 独立项目,U0872,习惯打卡型,2026-08-05,0,0,0,0,0,0,0,,,1
模拟数据 / 独立项目,U0873,雅思留学型,2026-08-03,1,0,0,1,1,0,0,,,1
模拟数据 / 独立项目,U0874,职场提升型,2026-08-03,1,1,0,0,4,0,0,,,1
模拟数据 / 独立项目,U0875,习惯打卡型,2026-08-14,1,1,0,0,6,1,1,2026-08-26,2026-08-31,1
模拟数据 / 独立项目,U0876,四六级冲刺型,2026-08-11,1,1,1,0,3,0,0,,,1
模拟数据 / 独立项目,U0877,职业证书型,2026-08-11,1,0,0,1,1,0,0,,,1
模拟数据 / 独立项目,U0878,职场提升型,2026-08-15,1,0,0,1,1,0,0,,,1
模拟数据 / 独立项目,U0879,职业证书型,2026-08-11,1,0,1,1,1,0,0,,,1
模拟数据 / 独立项目,U0880,雅思留学型,2026-08-13,1,0,0,1,1,1,1,2026-08-27,2026-08-29,1
模拟数据 / 独立项目,U0881,雅思留学型,2026-08-02,0,0,0,0,0,0,0,,,1
模拟数据 / 独立项目,U0882,四六级冲刺型,2026-08-18,0,0,0,0,0,0,0,,,1
模拟数据 / 独立项目,U0883,托福留学型,2026-08-09,1,1,0,1,4,0,0,,,1
模拟数据 / 独立项目,U0884,习惯打卡型,2026-08-04,1,1,0,1,4,0,0,,,1
模拟数据 / 独立项目,U0885,习惯打卡型,2026-08-17,1,1,1,1,5,0,0,,,1
模拟数据 / 独立项目,U0886,四六级冲刺型,2026-08-15,1,0,0,1,1,0,0,,,1
模拟数据 / 独立项目,U0887,兴趣提升型,2026-08-02,1,1,1,0,3,0,0,,,1
模拟数据 / 独立项目,U0888,考研长期型,2026-08-04,0,0,0,0,0,0,0,,,1
模拟数据 / 独立项目,U0889,习惯打卡型,2026-08-01,0,0,0,0,0,0,0,,,1
模拟数据 / 独立项目,U0890,四六级冲刺型,2026-08-06,1,0,0,1,1,1,0,2026-08-15,,1
模拟数据 / 独立项目,U0891,习惯打卡型,2026-08-02,1,0,1,0,1,1,0,2026-08-13,,1
模拟数据 / 独立项目,U0892,职场提升型,2026-08-15,1,1,1,1,4,0,0,,,1
模拟数据 / 独立项目,U0893,四六级冲刺型,2026-08-11,1,1,1,1,4,1,0,2026-08-25,,1
模拟数据 / 独立项目,U0894,四六级冲刺型,2026-08-20,0,0,0,0,0,0,0,,,1
模拟数据 / 独立项目,U0895,职场提升型,2026-08-15,0,0,0,0,0,0,0,,,1
模拟数据 / 独立项目,U0896,四六级冲刺型,2026-08-13,1,1,0,1,4,0,0,,,1
模拟数据 / 独立项目,U0897,托福留学型,2026-08-11,1,0,0,1,1,0,0,,,1
模拟数据 / 独立项目,U0898,习惯打卡型,2026-08-02,1,1,1,1,5,0,0,,,1
模拟数据 / 独立项目,U0899,托福留学型,2026-08-02,0,0,0,0,0,0,0,,,1
模拟数据 / 独立项目,U0900,考研长期型,2026-08-13,1,1,0,0,6,0,0,,,1
模拟数据 / 独立项目,U0901,雅思留学型,2026-08-01,1,1,0,1,4,1,1,2026-08-15,2026-08-20,1
模拟数据 / 独立项目,U0902,四六级冲刺型,2026-08-01,0,0,0,0,0,0,0,,,1
模拟数据 / 独立项目,U0903,习惯打卡型,2026-08-05,1,0,0,1,1,1,1,2026-08-15,2026-08-19,1
模拟数据 / 独立项目,U0904,考研长期型,2026-08-18,0,0,0,0,0,0,0,,,1
模拟数据 / 独立项目,U0905,四六级冲刺型,2026-08-10,0,0,0,0,0,0,0,,,1
模拟数据 / 独立项目,U0906,考研长期型,2026-08-15,0,0,0,0,0,0,0,,,1
模拟数据 / 独立项目,U0907,习惯打卡型,2026-08-09,0,0,0,0,0,0,0,,,1
模拟数据 / 独立项目,U0908,四六级冲刺型,2026-08-04,0,0,0,0,0,0,0,,,1
模拟数据 / 独立项目,U0909,职场提升型,2026-08-08,1,1,1,1,4,0,0,,,1
模拟数据 / 独立项目,U0910,兴趣提升型,2026-08-02,1,0,0,1,1,1,0,2026-08-12,,1
模拟数据 / 独立项目,U0911,职场提升型,2026-08-16,1,0,0,1,1,0,0,,,1
模拟数据 / 独立项目,U0912,习惯打卡型,2026-08-04,1,0,0,0,1,1,0,2026-08-17,,1
模拟数据 / 独立项目,U0913,职场提升型,2026-08-08,0,0,0,0,0,0,0,,,1
模拟数据 / 独立项目,U0914,习惯打卡型,2026-08-20,0,0,0,0,0,0,0,,,1
模拟数据 / 独立项目,U0915,四六级冲刺型,2026-08-12,0,0,0,0,0,0,0,,,1
模拟数据 / 独立项目,U0916,兴趣提升型,2026-08-10,1,1,1,1,4,1,0,2026-08-20,,1
模拟数据 / 独立项目,U0917,托福留学型,2026-08-11,0,0,0,0,0,0,0,,,1
模拟数据 / 独立项目,U0918,托福留学型,2026-08-16,1,1,0,1,6,0,0,,,1
模拟数据 / 独立项目,U0919,职场提升型,2026-08-06,1,0,0,1,1,0,0,,,1
模拟数据 / 独立项目,U0920,习惯打卡型,2026-08-13,0,0,0,0,0,0,0,,,1
模拟数据 / 独立项目,U0921,兴趣提升型,2026-08-18,0,0,0,0,0,0,0,,,1
模拟数据 / 独立项目,U0922,雅思留学型,2026-08-12,1,1,0,1,5,0,0,,,1
模拟数据 / 独立项目,U0923,雅思留学型,2026-08-09,1,1,0,0,5,0,0,,,1
模拟数据 / 独立项目,U0924,考研长期型,2026-08-03,1,0,0,1,1,1,0,2026-08-15,,1
模拟数据 / 独立项目,U0925,考研长期型,2026-08-05,0,0,0,0,0,0,0,,,1
模拟数据 / 独立项目,U0926,考研长期型,2026-08-19,1,1,0,1,5,0,0,,,1
模拟数据 / 独立项目,U0927,四六级冲刺型,2026-08-11,0,0,0,0,0,0,0,,,1
模拟数据 / 独立项目,U0928,四六级冲刺型,2026-08-07,1,0,0,0,1,0,0,,,1
模拟数据 / 独立项目,U0929,兴趣提升型,2026-08-09,1,0,0,0,1,1,0,2026-08-20,,1
模拟数据 / 独立项目,U0930,雅思留学型,2026-08-12,0,0,0,0,0,0,0,,,1
模拟数据 / 独立项目,U0931,习惯打卡型,2026-08-11,1,1,0,1,5,1,1,2026-08-22,2026-08-29,1
模拟数据 / 独立项目,U0932,职业证书型,2026-08-14,0,0,0,0,0,0,0,,,1
模拟数据 / 独立项目,U0933,四六级冲刺型,2026-08-06,0,0,0,0,0,0,0,,,1
模拟数据 / 独立项目,U0934,四六级冲刺型,2026-08-13,1,1,1,0,5,0,0,,,1
模拟数据 / 独立项目,U0935,四六级冲刺型,2026-08-09,1,1,1,1,5,1,1,2026-08-18,2026-08-21,1
模拟数据 / 独立项目,U0936,习惯打卡型,2026-08-19,1,1,0,1,3,1,0,2026-08-31,,1
模拟数据 / 独立项目,U0937,四六级冲刺型,2026-08-04,1,1,1,1,5,1,0,2026-08-13,,1
模拟数据 / 独立项目,U0938,雅思留学型,2026-08-03,1,0,0,1,1,0,0,,,1
模拟数据 / 独立项目,U0939,习惯打卡型,2026-08-10,1,1,1,1,4,0,0,,,1
模拟数据 / 独立项目,U0940,习惯打卡型,2026-08-11,1,1,0,0,5,0,0,,,1
模拟数据 / 独立项目,U0941,考研长期型,2026-08-14,1,0,0,1,1,0,0,,,1
模拟数据 / 独立项目,U0942,四六级冲刺型,2026-08-09,1,1,1,1,3,0,0,,,1
模拟数据 / 独立项目,U0943,四六级冲刺型,2026-08-19,0,0,0,0,0,0,0,,,1
模拟数据 / 独立项目,U0944,四六级冲刺型,2026-08-10,1,1,0,1,2,0,0,,,1
模拟数据 / 独立项目,U0945,四六级冲刺型,2026-08-03,1,0,0,1,1,0,0,,,1
模拟数据 / 独立项目,U0946,托福留学型,2026-08-03,0,0,0,0,0,0,0,,,1
模拟数据 / 独立项目,U0947,习惯打卡型,2026-08-20,0,0,0,0,0,0,0,,,1
模拟数据 / 独立项目,U0948,托福留学型,2026-08-03,0,0,0,0,0,0,0,,,1
模拟数据 / 独立项目,U0949,职业证书型,2026-08-19,1,0,0,1,1,1,0,2026-08-31,,1
模拟数据 / 独立项目,U0950,四六级冲刺型,2026-08-06,1,1,0,1,5,0,0,,,1
模拟数据 / 独立项目,U0951,职场提升型,2026-08-02,1,1,1,1,3,0,0,,,1
模拟数据 / 独立项目,U0952,职业证书型,2026-08-07,1,1,0,1,2,0,0,,,1
模拟数据 / 独立项目,U0953,职场提升型,2026-08-13,0,0,0,0,0,0,0,,,1
模拟数据 / 独立项目,U0954,习惯打卡型,2026-08-09,1,1,1,1,4,0,0,,,1
模拟数据 / 独立项目,U0955,考研长期型,2026-08-16,0,0,0,0,0,0,0,,,1
模拟数据 / 独立项目,U0956,四六级冲刺型,2026-08-13,0,0,0,0,0,0,0,,,1
模拟数据 / 独立项目,U0957,考研长期型,2026-08-09,1,1,1,1,3,0,0,,,1
模拟数据 / 独立项目,U0958,雅思留学型,2026-08-13,1,0,0,1,1,1,1,2026-08-25,2026-09-01,1
模拟数据 / 独立项目,U0959,习惯打卡型,2026-08-20,1,1,1,1,6,0,0,,,1
模拟数据 / 独立项目,U0960,考研长期型,2026-08-09,1,0,0,1,1,0,0,,,1
模拟数据 / 独立项目,U0961,兴趣提升型,2026-08-04,0,0,0,0,0,0,0,,,1
模拟数据 / 独立项目,U0962,托福留学型,2026-08-09,1,1,0,0,5,0,0,,,1
模拟数据 / 独立项目,U0963,四六级冲刺型,2026-08-17,1,1,0,1,5,0,0,,,1
模拟数据 / 独立项目,U0964,考研长期型,2026-08-05,1,1,0,0,4,0,0,,,1
模拟数据 / 独立项目,U0965,职业证书型,2026-08-19,1,1,0,1,6,0,0,,,1
模拟数据 / 独立项目,U0966,职业证书型,2026-08-12,1,0,0,1,1,0,0,,,1
模拟数据 / 独立项目,U0967,雅思留学型,2026-08-13,0,0,0,0,0,0,0,,,1
模拟数据 / 独立项目,U0968,考研长期型,2026-08-07,1,0,0,1,1,0,0,,,1
模拟数据 / 独立项目,U0969,兴趣提升型,2026-08-19,1,0,0,1,1,0,0,,,1
模拟数据 / 独立项目,U0970,四六级冲刺型,2026-08-01,1,0,0,1,1,0,0,,,1
模拟数据 / 独立项目,U0971,习惯打卡型,2026-08-06,1,1,1,1,5,1,0,2026-08-15,,1
模拟数据 / 独立项目,U0972,四六级冲刺型,2026-08-09,1,1,0,1,6,0,0,,,1
模拟数据 / 独立项目,U0973,四六级冲刺型,2026-08-10,1,1,0,1,4,0,0,,,1
模拟数据 / 独立项目,U0974,雅思留学型,2026-08-10,0,0,0,0,0,0,0,,,1
模拟数据 / 独立项目,U0975,雅思留学型,2026-08-03,0,0,0,0,0,0,0,,,1
模拟数据 / 独立项目,U0976,雅思留学型,2026-08-05,1,1,1,1,5,0,0,,,1
模拟数据 / 独立项目,U0977,雅思留学型,2026-08-02,1,1,1,1,5,1,1,2026-08-10,2026-08-13,1
模拟数据 / 独立项目,U0978,习惯打卡型,2026-08-12,1,1,0,1,4,0,0,,,1
模拟数据 / 独立项目,U0979,雅思留学型,2026-08-08,1,0,0,1,1,0,0,,,1
模拟数据 / 独立项目,U0980,雅思留学型,2026-08-12,0,0,0,0,0,0,0,,,1
模拟数据 / 独立项目,U0981,雅思留学型,2026-08-12,1,0,1,1,1,0,0,,,1
模拟数据 / 独立项目,U0982,四六级冲刺型,2026-08-15,1,1,0,1,6,0,0,,,1
模拟数据 / 独立项目,U0983,托福留学型,2026-08-11,0,0,0,0,0,0,0,,,1
模拟数据 / 独立项目,U0984,考研长期型,2026-08-13,1,1,1,1,5,1,0,2026-08-23,,1
模拟数据 / 独立项目,U0985,职业证书型,2026-08-12,1,1,1,1,4,0,0,,,1
模拟数据 / 独立项目,U0986,四六级冲刺型,2026-08-14,0,0,0,0,0,0,0,,,1
模拟数据 / 独立项目,U0987,习惯打卡型,2026-08-13,1,1,1,1,6,0,0,,,1
模拟数据 / 独立项目,U0988,雅思留学型,2026-08-07,1,1,1,1,2,0,0,,,1
模拟数据 / 独立项目,U0989,职场提升型,2026-08-05,1,1,0,1,2,1,1,2026-08-16,2026-08-21,1
模拟数据 / 独立项目,U0990,雅思留学型,2026-08-16,1,0,0,1,1,1,1,2026-08-28,2026-09-04,1
模拟数据 / 独立项目,U0991,四六级冲刺型,2026-08-07,1,0,0,1,1,0,0,,,1
模拟数据 / 独立项目,U0992,职场提升型,2026-08-11,1,0,0,1,1,1,1,2026-08-19,2026-08-22,1
模拟数据 / 独立项目,U0993,职业证书型,2026-08-04,1,1,1,1,3,1,1,2026-08-12,2026-08-19,1
模拟数据 / 独立项目,U0994,兴趣提升型,2026-08-09,1,0,0,1,1,0,0,,,1
模拟数据 / 独立项目,U0995,雅思留学型,2026-08-11,0,0,0,0,0,0,0,,,1
模拟数据 / 独立项目,U0996,职业证书型,2026-08-13,1,0,0,1,1,0,0,,,1
模拟数据 / 独立项目,U0997,职场提升型,2026-08-11,1,1,0,1,3,0,0,,,1
模拟数据 / 独立项目,U0998,职业证书型,2026-08-08,0,0,0,0,0,0,0,,,1
模拟数据 / 独立项目,U0999,考研长期型,2026-08-20,1,1,0,1,7,0,0,,,1
模拟数据 / 独立项目,U1000,职业证书型,2026-08-11,1,1,1,0,5,0,0,,,1
